ticker,date,vol_60d,max_drawdown_1y,momentum_1y,div_growth_trailing,yield_proxy,trailing_12m_div,next_12m_div,target_risk
SCHD,2016-03-31,0.1589506435470383,-0.11477546155341067,0.04849719505085193,3.351855555555556,0.04059819267001132,0.391667,0.428667,0
SCHD,2016-04-30,0.10545331946112346,-0.10493694609127391,0.058299281508326306,3.351855555555556,0.04066920273877891,0.391667,0.428667,0
SCHD,2016-05-31,0.0878502220572578,-0.09569279191501301,0.12546910666615085,3.351855555555556,0.040107954173567925,0.391667,0.428667,0
SCHD,2016-06-30,0.11846343223222489,-0.09569279191501301,0.11111051364809366,1.0590312499999999,0.03933599899111638,0.395334,0.433333,0
SCHD,2016-07-31,0.1140575836065796,-0.09317696933232367,0.12913078033696013,1.0590312499999999,0.038246915880131335,0.395334,0.433333,0
SCHD,2016-08-31,0.10473379420039598,-0.09229988974058034,0.13929403977868104,1.0590312499999999,0.03837296630308699,0.395334,0.433333,0
SCHD,2016-09-30,0.09583781770242907,-0.041092688598406424,0.1953156692570832,0.29256995134862707,0.03652625626552753,0.377,0.46666700000000005,0
SCHD,2016-10-31,0.09278660857555357,-0.041092688598406424,0.12382082773518022,0.29256995134862707,0.0371050528961722,0.377,0.466667,0
SCHD,2016-11-30,0.1043856242339557,-0.041092688598406424,0.0918605441653646,0.29256995134862707,0.035931787321073064,0.377,0.46666700000000005,0
SCHD,2016-12-31,0.07915960278617674,-0.041092688598406424,0.0972411183120323,0.09677140929135253,0.039096943129878645,0.419333,0.448667,0
SCHD,2017-01-31,0.07948956920101237,-0.041092688598406424,0.11810216008824725,0.09677140929135253,0.039286292665567275,0.419333,0.448667,0
SCHD,2017-02-28,0.06647066761813882,-0.041092688598406424,0.1193036621716721,0.09677140929135253,0.03798960210660079,0.419333,0.448667,0
SCHD,2017-03-31,0.05753273296852731,-0.04076320356586438,0.06815453584855025,0.09446800470808125,0.03878010567854411,0.428667,0.427333,1
SCHD,2017-04-30,0.05702895335459389,-0.03919649488347854,0.07179461540845655,0.09446800470808125,0.038684655092279814,0.428667,0.427333,1
SCHD,2017-05-31,0.06004805917884923,-0.032379961695368054,0.11056119143376564,0.09446800470808125,0.038021041899027386,0.428667,0.427333,1
SCHD,2017-06-30,0.06379185727315154,-0.02197087285252375,0.11394256270650338,0.09611872492626494,0.03847168944163958,0.433333,0.452333,0
SCHD,2017-07-31,0.06590657972442357,-0.023275751648895282,0.10370879064060268,0.09611872492626494,0.03784239004906874,0.433333,0.452333,0
SCHD,2017-08-31,0.06659946467798654,-0.023275751648895282,0.05842411777064971,0.09611872492626494,0.03785063651383609,0.433333,0.452333,0
SCHD,2017-09-30,0.06041068486667607,-0.023275751648895282,0.09932586482642392,0.2378435013262601,0.039633536588520694,0.46666700000000005,0.45999900000000005,1
SCHD,2017-10-31,0.05853219132140757,-0.023275751648895282,0.11543809987358378,0.23784350132625987,0.0382522073685416,0.466667,0.45999900000000005,1
SCHD,2017-11-30,0.05688987320264327,-0.023275751648895282,0.14368873831733997,0.2378435013262601,0.036707893036543024,0.46666700000000005,0.45999900000000005,1
SCHD,2017-12-31,0.05922892127914453,-0.023275751648895282,0.17812664293543712,0.06995395067881605,0.03461558965164371,0.448667,0.479999,0
SCHD,2018-01-31,0.08115414000176727,-0.023275751648895282,0.22377362026412695,0.06995395067881605,0.03310803118813947,0.448667,0.479999,0
SCHD,2018-02-28,0.16848161528272879,-0.1062662144179558,0.12006124481966873,0.06995395067881605,0.035081793748381856,0.448667,0.479999,0
SCHD,2018-03-31,0.1952937564081256,-0.12370192394250212,0.09764710183364866,-0.0031119726967553385,0.03422998373780031,0.427333,0.509999,0
SCHD,2018-04-30,0.20770063843890954,-0.12370192394250212,0.0723827125758445,-0.0031119726967553385,0.03461831778746172,0.427333,0.5099990000000001,0
SCHD,2018-05-31,0.1550017010408751,-0.12370192394250212,0.06947265482956011,-0.0031119726967553385,0.03400802728346301,0.427333,0.509999,0
SCHD,2018-06-30,0.11228385106037521,-0.12370192394250212,0.04753925595398356,0.04384618757399039,0.03574850857859994,0.452333,0.5149990000000001,0
SCHD,2018-07-31,0.08658220247053114,-0.12370192394250212,0.07192477022957333,0.04384618757399039,0.03419452556625597,0.452333,0.5149990000000001,0
SCHD,2018-08-31,0.07641842799156014,-0.12370192394250212,0.043956056892826556,0.04384618757399039,0.033429021197826175,0.452333,0.5149990000000001,0
SCHD,2018-09-30,0.07103835975014856,-0.12370192394250212,0.02818777448234333,-0.014288561222456253,0.03357853326363446,0.45999900000000005,0.5546660000000001,0
SCHD,2018-10-31,0.1257434221313735,-0.08943854690978414,-0.00413433520703288,-0.014288561222456142,0.03568603024831532,0.45999900000000005,0.554666,0
SCHD,2018-11-30,0.14775859497607782,-0.08943854690978414,0.051435046357374725,-0.014288561222456253,0.034523033343150836,0.45999900000000005,0.5546660000000001,0
SCHD,2018-12-31,0.20463738541026133,-0.17077702722403654,-0.0340614818721936,0.06983352909841822,0.03921257451944839,0.479999,0.574999,0
SCHD,2019-01-31,0.1953059040044635,-0.17077702722403654,0.022699292101436397,0.06983352909841822,0.0369768098979323,0.479999,0.574999,0
SCHD,2019-02-28,0.184093831038986,-0.17077702722403654,0.05089271616970903,0.06983352909841822,0.03553568250134164,0.479999,0.574999,0
SCHD,2019-03-31,0.12071278802911066,-0.17077702722403654,0.05620251654988184,0.19344632874128598,0.03718056740830434,0.509999,0.6049990000000001,0
SCHD,2019-04-30,0.09532591000410774,-0.17077702722403654,0.05895426515013713,0.1934463287412862,0.03602298067007107,0.5099990000000001,0.6049990000000001,0
SCHD,2019-05-31,0.11958484308474425,-0.17077702722403654,-0.04605193431671151,0.19344632874128598,0.038985155536983764,0.509999,0.6049990000000001,0
SCHD,2019-06-30,0.11888396656044964,-0.13974517042504497,0.059722619458056014,0.13853952729515662,0.036693215350204214,0.5149990000000001,0.611999,0
SCHD,2019-07-31,0.12053443103501675,-0.13908071201572658,0.08172815033897729,0.13853952729515662,0.036094700363082155,0.5149990000000001,0.611999,0
SCHD,2019-08-31,0.15097387207457055,-0.08681304233062237,0.13883413338071615,0.13853952729515662,0.03656918560973666,0.5149990000000001,0.611999,0
SCHD,2019-09-30,0.15307493076916234,-0.08681304233062237,0.16609905951304893,0.20579827347450763,0.03794517283177625,0.5546660000000001,0.630999,0
SCHD,2019-10-31,0.15056870348254311,-0.08681304233062237,0.09489721640207227,0.2057982734745074,0.037439418175151576,0.554666,0.630999,0
SCHD,2019-11-30,0.10041190361256662,-0.08681304233062237,0.11278454810792149,0.20579827347450763,0.03640982293106705,0.5546660000000001,0.630999,0
SCHD,2019-12-31,0.08491244849705057,-0.08681304233062237,0.0955295995065073,0.19791707899391464,0.03690165429291851,0.574999,0.676333,0
SCHD,2020-01-31,0.08504552469793118,-0.07103945536461231,0.12739665132037215,0.19791707899391464,0.037563169439301325,0.574999,0.676333,0
SCHD,2020-02-29,0.15809084009249014,-0.12989191794518518,0.005855661328668216,0.19791707899391464,0.04143745888326513,0.574999,0.676333,0
SCHD,2020-03-31,0.5583805313758965,-0.3336706038817209,-0.14174625534477392,0.18627487504877482,0.04947895008205058,0.6049990000000001,0.696667,0
SCHD,2020-04-30,0.5986291983406599,-0.3336706038817209,-0.014346470718912152,0.1862748750487746,0.04394003890432816,0.6049990000000001,0.6966669999999999,0
SCHD,2020-05-31,0.5841156476708732,-0.3336706038817209,-0.024320488099046855,0.18627487504877482,0.04237554301747231,0.6049990000000001,0.696667,0
SCHD,2020-06-30,0.309108383466926,-0.3336706038817209,-0.029131971529624767,0.1883498802910295,0.043139396093393026,0.611999,0.7293339999999999,0
SCHD,2020-07-31,0.25369128437930505,-0.3336706038817209,-0.018073121116648605,0.1883498802910295,0.04097014736644795,0.611999,0.7293339999999999,0
SCHD,2020-08-31,0.22163102635164325,-0.3336706038817209,0.015453063186930072,0.1883498802910295,0.038974583150084105,0.611999,0.7293339999999999,0
SCHD,2020-09-30,0.17861186595168552,-0.3336706038817209,-0.03785191420688261,0.137619756754515,0.04121347798710171,0.630999,0.7440010000000001,0
SCHD,2020-10-31,0.19411128183612225,-0.3276595169532658,-0.023467238476607033,0.1376197567545152,0.04105757187189772,0.630999,0.744001,0
SCHD,2020-11-30,0.23483850796014616,-0.10703678818539908,0.4743480606697643,0.137619756754515,0.03627992454087404,0.630999,0.7440010000000001,0
SCHD,2020-12-31,0.20965755929943355,-0.10703678818539908,0.34751692299838566,0.17623334997104334,0.03773430627514471,0.676333,0.7500009999999999,0
SCHD,2021-01-31,0.19853506912671745,-0.10703678818539908,0.29484348323217624,0.17623334997104334,0.0380786309542615,0.676333,0.7500009999999999,0
SCHD,2021-02-28,0.14673219270001514,-0.0764879002621428,0.2928258859630992,0.17623334997104334,0.035903842290647824,0.676333,0.7500009999999999,0
SCHD,2021-03-31,0.1650814926148851,-0.0764879002621428,0.4031705197184092,0.15151760581422447,0.03394799478103722,0.696667,0.7550009999999999,0
SCHD,2021-04-30,0.14546703901871497,-0.0764879002621428,0.3383230506795716,0.15151760581422424,0.03321466048873419,0.6966669999999999,0.7550009999999999,0
SCHD,2021-05-31,0.13643169680340062,-0.0688192895312052,0.37924770427942756,0.15151760581422447,0.032178458966301324,0.696667,0.7550009999999999,0
SCHD,2021-06-30,0.11830810139237322,-0.0669166217888405,0.31825008266865074,0.1917241694839371,0.0340254858697368,0.7293339999999999,0.8096679999999999,0
SCHD,2021-07-31,0.12433217145661572,-0.047392156219254966,0.23922572844466417,0.1917241694839371,0.03380642548324408,0.7293339999999999,0.8096679999999999,0
SCHD,2021-08-31,0.11677407212400423,-0.047392156219254966,0.2289945456633462,0.1917241694839371,0.033114630635979615,0.7293339999999999,0.8096679999999999,0
SCHD,2021-09-30,0.12043366972302967,-0.049916820944379436,0.14488716090465648,0.17908427747112143,0.0350753534785783,0.7440010000000001,0.8263339999999999,0
SCHD,2021-10-31,0.11443964308038071,-0.049916820944379436,0.17633044156974664,0.1790842774711212,0.03359559521864696,0.744001,0.826334,0
SCHD,2021-11-30,0.12270569211637461,-0.049916820944379436,0.07437685256982896,0.17908427747112143,0.03429918393204297,0.7440010000000001,0.8263339999999999,0
SCHD,2021-12-31,0.11520634934107002,-0.049916820944379436,0.10508745388442864,0.10892267566420677,0.03221877532404441,0.7500009999999999,0.854,0
SCHD,2022-01-31,0.12107914072746184,-0.059067615990298195,0.05513770471316137,0.10892267566420677,0.03312443779804528,0.7500009999999999,0.854,0
SCHD,2022-02-28,0.13994282081338616,-0.0829874160384223,0.03365359472075258,0.10892267566420677,0.03377747799084335,0.7500009999999999,0.854,0
SCHD,2022-03-31,0.15752311915763487,-0.0829874160384223,0.08687208375066069,0.08373297429044269,0.033014457518313216,0.7550009999999999,0.880333,0
SCHD,2022-04-30,0.17239927656165435,-0.0829874160384223,-0.009921544012727157,0.08373297429044291,0.034432980629609033,0.7550009999999999,0.880333,0
SCHD,2022-05-31,0.1891391803707698,-0.08605906624193949,0.05696607857158842,0.08373297429044269,0.033140484284226654,0.7550009999999999,0.880333,0
SCHD,2022-06-30,0.2137553802201038,-0.1363011537904768,-0.04374508455564552,0.11014706567909904,0.03861192698557539,0.8096679999999999,0.8673330000000001,0
SCHD,2022-07-31,0.20537066258754322,-0.1363011537904768,-0.03807462414475016,0.11014706567909904,0.037159377554679095,0.8096679999999999,0.8673330000000001,0
SCHD,2022-08-31,0.1827433140900032,-0.1363011537904768,-0.0637949075688874,0.11014706567909904,0.03820127514058005,0.8096679999999999,0.8673330000000001,0
SCHD,2022-09-30,0.1742828494868073,-0.15636266130053955,-0.15629306161738932,0.11066248566870174,0.04211021009489539,0.8263339999999999,0.873333,0
SCHD,2022-10-31,0.21862730162076058,-0.15636266130053955,-0.030211176670764672,0.11066248566870196,0.03786384358009647,0.826334,0.873333,0
SCHD,2022-11-30,0.23005016008984838,-0.15636266130053955,0.027921898602996986,0.11066248566870174,0.035441288175237125,0.8263339999999999,0.873333,0
SCHD,2022-12-31,0.200409150451162,-0.15636266130053955,-0.011217796798379753,0.13866514844646893,0.03792093434118868,0.854,0.886333,0
SCHD,2023-01-31,0.17294374727084447,-0.14442012801551996,0.06590431308097267,0.13866514844646893,0.037148844967512536,0.854,0.886333,0
SCHD,2023-02-28,0.1417131076716371,-0.1391895312182969,0.08613762176803785,0.13866514844646893,0.03842451358969245,0.854,0.886333,0
SCHD,2023-03-31,0.15267386782719408,-0.1391895312182969,0.05438607448452837,0.16600242913585572,0.04002874379664566,0.880333,0.891,0
SCHD,2023-04-30,0.14125878925856428,-0.1391895312182969,-0.043031194241835435,0.16600242913585572,0.04035417996983238,0.880333,0.891,0
SCHD,2023-05-31,0.1484519566489978,-0.10952631644284383,0.0037800904922711265,0.16600242913585572,0.042082247042399996,0.880333,0.891,0
SCHD,2023-06-30,0.12827262486534732,-0.10952631644284383,0.07999376185313345,0.07122054965739077,0.03936716122785658,0.8673330000000001,0.944,0
SCHD,2023-07-31,0.11466452539090746,-0.10952631644284383,0.020173227512106262,0.07122054965739077,0.03778540592280542,0.8673330000000001,0.944,0
SCHD,2023-08-31,0.09777110292651528,-0.1060392424121549,0.016956304593951366,0.07122054965739077,0.03835829740255917,0.8673330000000001,0.944,0
SCHD,2023-09-30,0.09467987371196719,-0.1060392424121549,-0.05849166147613494,0.05687651724363296,0.040318588669272105,0.873333,0.9773339999999999,0
SCHD,2023-10-31,0.11090473510305615,-0.10782293488583461,-0.08946116902951873,0.05687651724363274,0.041918060026541755,0.873333,0.9773339999999999,0
SCHD,2023-11-30,0.12984767351763724,-0.10782293488583461,0.03798834350119207,0.05687651724363296,0.03943251754344718,0.873333,0.9773339999999999,0
SCHD,2023-12-31,0.13302743834263694,-0.10782293488583461,0.0592492440154746,0.03786065573770503,0.037645926987631605,0.886333,0.9950009999999999,0
SCHD,2024-01-31,0.11218473374133456,-0.10782293488583461,0.11112116820574669,0.03786065573770503,0.037591615598359863,0.886333,0.9950009999999999,0
SCHD,2024-02-29,0.10404404142787328,-0.10782293488583461,0.09959155208721948,0.03786065573770503,0.03691376416577784,0.886333,0.9950009999999999,0
SCHD,2024-03-31,0.09700721890198366,-0.10782293488583461,0.12267658182626917,0.012117005723970342,0.03545593599632766,0.891,1.040334,0
SCHD,2024-04-30,0.1079263224823876,-0.09599407398875603,0.07783726135719315,0.012117005723970342,0.037132253573678664,0.891,1.040334,0
SCHD,2024-05-31,0.11727370512633555,-0.08310080643956097,0.09637112872076825,0.012117005723970342,0.03638554388037604,0.891,1.040334,0
SCHD,2024-06-30,0.11193896026330463,-0.06341887944999447,0.12010574639932492,0.08839396171943159,0.038543001763034705,0.944,1.0256669999999999,0
SCHD,2024-07-31,0.11202490205479765,-0.05977923444909261,0.1943850350983478,0.08839396171943159,0.0362933416284871,0.944,1.0256669999999999,0
SCHD,2024-08-31,0.12179311063899351,-0.05977923444909261,0.13952408521443194,0.08839396171943159,0.035456100097342964,0.944,1.0256669999999999,0
SCHD,2024-09-30,0.1282076124801227,-0.05977923444909261,0.15431279471694137,0.11908515995616775,0.03638228157168375,0.9773339999999999,1.034,0
SCHD,2024-10-31,0.10230311749309448,-0.05977923444909261,0.13065411794570148,0.11908515995616775,0.0363135473143518,0.9773339999999999,1.034,0
SCHD,2024-11-30,0.10553984334424114,-0.05977923444909261,0.15642848653408326,0.11908515995616775,0.03471491393513815,0.9773339999999999,1.034,0
SCHD,2024-12-31,0.11899241094861374,-0.07954110320916374,0.11264609120802538,0.12260403257015118,0.0378484311780761,0.9950009999999999,1.0470000000000002,0
VYM,2016-03-31,0.166630984795626,-0.11465158654551177,0.02946196421538394,3.6861471861471857,0.04206296900465216,2.165,2.2880000000000003,0
VYM,2016-04-30,0.1156504641302983,-0.10829403121366876,0.044363590759175286,3.6861471861471857,0.04176052663102775,2.165,2.288,0
VYM,2016-05-31,0.09286517228844711,-0.09855819532951193,0.11963820130266845,3.6861471861471857,0.04118603870622219,2.165,2.2880000000000003,0
VYM,2016-06-30,0.12582749565344228,-0.09855819532951193,0.10103120466784854,1.1360078277886494,0.04064274329044657,2.183,2.306,0
VYM,2016-07-31,0.12139330286655511,-0.09606361450848544,0.11650641589317456,1.1360078277886494,0.0397091911739705,2.183,2.306,0
VYM,2016-08-31,0.11277695897955177,-0.09304044828246705,0.13186584992526407,1.1360078277886494,0.03982900473485046,2.183,2.306,0
VYM,2016-09-30,0.09701392596130794,-0.045352975777760096,0.18164813012920988,0.37935483870967723,0.03916756138225049,2.138,2.425,0
VYM,2016-10-31,0.0938992235010087,-0.045352975777760096,0.1149412305840889,0.37935483870967723,0.039673513154298574,2.138,2.4250000000000003,0
VYM,2016-11-30,0.10830233162693911,-0.045352975777760096,0.0937910688183301,0.37935483870967723,0.03806475622926933,2.138,2.425,0
VYM,2016-12-31,0.08207023672786727,-0.045352975777760096,0.10727086713041145,0.02652396463471396,0.038143828880414093,2.2060000000000004,2.401,0
VYM,2017-01-31,0.08127012321995687,-0.045352975777760096,0.12775894057634396,0.026523964634713737,0.03815893059648694,2.206,2.401,0
VYM,2017-02-28,0.06677163648775662,-0.045352975777760096,0.13670025472740344,0.02652396463471396,0.036840769158290924,2.2060000000000004,2.401,0
VYM,2017-03-31,0.06588702910790259,-0.04425553071902444,0.08250758010234627,0.056812933025404355,0.03832647355057818,2.2880000000000003,2.449,0
VYM,2017-04-30,0.06767835780941837,-0.04165502307485425,0.08969109069497927,0.05681293302540413,0.03835611555050097,2.288,2.4490000000000003,0
VYM,2017-05-31,0.06696431124816195,-0.03423040441715497,0.11044202395354819,0.056812933025404355,0.038218195755434586,2.2880000000000003,2.449,0
VYM,2017-06-30,0.06680728145008366,-0.03143907788335898,0.12922980448359844,0.056344480073293735,0.03808646950251971,2.306,2.483,0
VYM,2017-07-31,0.06332251972395085,-0.03143907788335898,0.10954133179154679,0.056344480073293735,0.03748221321277266,2.306,2.4829999999999997,0
VYM,2017-08-31,0.06489434860842698,-0.03143907788335898,0.055309324536183535,0.056344480073293735,0.037548419837085054,2.306,2.483,0
VYM,2017-09-30,0.06057954170640545,-0.03143907788335898,0.09715827731708937,0.13423760523854056,0.0383286978482301,2.425,2.553,0
VYM,2017-10-31,0.06314721953540162,-0.03143907788335898,0.08535299096118076,0.13423760523854078,0.037673474806091296,2.4250000000000003,2.553,0
VYM,2017-11-30,0.053685522483325185,-0.022951782570504897,0.10387089734966537,0.13423760523854056,0.03655225495554787,2.425,2.553,0
VYM,2017-12-31,0.05595737293327147,-0.020894452867219027,0.13884350376617305,0.0883952855847685,0.035660386308166536,2.401,2.649,0
VYM,2018-01-31,0.07290843526113358,-0.019359950868735987,0.1848877865690537,0.08839528558476872,0.034252364222120635,2.401,2.649,0
VYM,2018-02-28,0.16136320782769192,-0.10185910474409354,0.09231011591086125,0.0883952855847685,0.03595005939054946,2.401,2.649,0
VYM,2018-03-31,0.1910506865267717,-0.10966880050531602,0.07005333050509632,0.0703671328671327,0.03747422477133677,2.449,2.693,0
VYM,2018-04-30,0.20501652391888353,-0.10966880050531602,0.06486218858239856,0.07036713286713314,0.03742431265635226,2.4490000000000003,2.693,0
VYM,2018-05-31,0.15304372739062982,-0.10966880050531602,0.056964439245356546,0.0703671328671327,0.036835646592056376,2.449,2.693,0
VYM,2018-06-30,0.10508797146960133,-0.10966880050531602,0.03087660285709304,0.07675628794449274,0.03745548277028423,2.483,2.688,0
VYM,2018-07-31,0.08076606630130591,-0.10966880050531602,0.06892847730487817,0.07675628794449252,0.03598239995382956,2.4829999999999997,2.688,0
VYM,2018-08-31,0.07126919564767152,-0.10966880050531602,0.03356817277419877,0.07675628794449274,0.03558720770153491,2.483,2.688,0
VYM,2018-09-30,0.06843155022810235,-0.10966880050531602,0.01297399607309302,0.052783505154639254,0.03644485869709289,2.553,2.802,0
VYM,2018-10-31,0.12162346013975009,-0.08187232979077819,-0.01053598256330901,0.05278350515463903,0.0381213421510448,2.553,2.802,0
VYM,2018-11-30,0.13971372874244722,-0.08187232979077819,0.04145860904560417,0.052783505154639254,0.036812598624775685,2.553,2.802,0
VYM,2018-12-31,0.19386207520025903,-0.16051585548223757,-0.05144678039036288,0.10329029571012094,0.04182051048259782,2.649,2.842,0
VYM,2019-01-31,0.1855851757407917,-0.16051585548223757,0.000629518058603562,0.10329029571012094,0.0394148833785782,2.649,2.842,0
VYM,2019-02-28,0.17538859147943817,-0.16051585548223757,0.037623384084087386,0.10329029571012094,0.037982778049501155,2.649,2.842,0
VYM,2019-03-31,0.11465771364357895,-0.16051585548223757,0.033168650961632906,0.09963250306247451,0.03841258117229377,2.693,2.7439999999999998,0
VYM,2019-04-30,0.08298677620789223,-0.16051585548223757,0.039968194924394185,0.09963250306247429,0.03735294184253064,2.693,2.7439999999999998,0
VYM,2019-05-31,0.10523720078049477,-0.16051585548223757,-0.03884160235750267,0.09963250306247451,0.03986939782764201,2.693,2.7439999999999998,0
VYM,2019-06-30,0.10522289424048824,-0.14184733787164905,0.054204758894315086,0.08256141763995162,0.03731595883654194,2.688,2.9559999999999995,0
VYM,2019-07-31,0.10675540601951161,-0.14184733787164905,0.05757300022976075,0.08256141763995184,0.037048835856454056,2.688,2.9560000000000004,0
VYM,2019-08-31,0.13560103976077612,-0.06907353956407258,0.10449422485989701,0.08256141763995162,0.03784435245965736,2.688,2.9559999999999995,0
VYM,2019-09-30,0.13564656068948946,-0.06311748163316055,0.1302356778030047,0.09753231492361936,0.037970241542697215,2.802,2.875,0
VYM,2019-10-31,0.1369438342064232,-0.06311748163316055,0.07646823127627345,0.09753231492361936,0.037576393760904804,2.802,2.875,0
VYM,2019-11-30,0.08643601164629867,-0.06311748163316055,0.08351472774589808,0.09753231492361936,0.03671642424902851,2.802,2.875,0
VYM,2019-12-31,0.07387697954022558,-0.06311748163316055,0.0952175179290311,0.0728576821442053,0.03616494377349284,2.842,2.906,0
VYM,2020-01-31,0.07959315374636612,-0.0596278781252626,0.09280717058565946,0.0728576821442053,0.03709519643175452,2.842,2.906,0
VYM,2020-02-29,0.15213654813790414,-0.1295632743161934,-0.024149886585541402,0.0728576821442053,0.04107900372009254,2.842,2.906,0
VYM,2020-03-31,0.5639915074038868,-0.35205706644412493,-0.1805083785550755,0.01893798737467489,0.04591664797419814,2.7439999999999998,3.008,0
VYM,2020-04-30,0.6135002399227883,-0.35205706644412493,-0.07294124516784561,0.01893798737467489,0.04164340176224715,2.7439999999999998,3.0080000000000005,0
VYM,2020-05-31,0.602711727838841,-0.35205706644412493,-0.08089643853830086,0.01893798737467489,0.04049616286849309,2.7439999999999998,3.008,0
VYM,2020-06-30,0.3211219343197715,-0.35205706644412493,-0.08580327064211901,0.09970238095238071,0.043960407489074246,2.9559999999999995,2.923,1
VYM,2020-07-31,0.24759759599033757,-0.35205706644412493,-0.08863518370356627,0.09970238095238093,0.04265026097150862,2.9560000000000004,2.923,1
VYM,2020-08-31,0.20430612071438656,-0.35205706644412493,-0.0818567168810288,0.09970238095238071,0.04133190940769152,2.9559999999999995,2.923,1
VYM,2020-09-30,0.15063159332619694,-0.35205706644412493,-0.12341160401968898,0.02605281941470383,0.041264365059628404,2.875,2.967,0
VYM,2020-10-31,0.16661641864679566,-0.34619379634351455,-0.12918828708284014,0.02605281941470383,0.0419854957332855,2.875,2.967,0
VYM,2020-11-30,0.20104264726590462,-0.10768421157810948,0.3379252622307396,0.02605281941470383,0.03740088688552201,2.875,2.967,0
VYM,2020-12-31,0.1808511934603179,-0.10768421157810948,0.23216922743943624,0.022519352568613593,0.0365607325138597,2.906,3.096,0
VYM,2021-01-31,0.17388819317918355,-0.10768421157810948,0.22452600661571132,0.022519352568613593,0.03676967569106908,2.906,3.096,0
VYM,2021-02-28,0.13675839027158598,-0.06948239208944273,0.19555042327177508,0.022519352568613593,0.03516208289160933,2.906,3.096,0
VYM,2021-03-31,0.14920953081756214,-0.06948239208944273,0.26959625627424755,0.09620991253644329,0.03403363132197189,3.008,3.102,0
VYM,2021-04-30,0.12454555273266348,-0.06948239208944273,0.26870962936304577,0.09620991253644351,0.03318665047840882,3.0080000000000005,3.102,0
VYM,2021-05-31,0.11846391357266067,-0.06948239208944273,0.31089544495718613,0.09620991253644329,0.03221102395733482,3.008,3.102,0
VYM,2021-06-30,0.1144818957123466,-0.06151144819564158,0.2752640654427225,-0.011163734776725165,0.03167654628882909,2.923,3.198,0
VYM,2021-07-31,0.12465269542309297,-0.048911734282932606,0.20558564608090113,-0.011163734776725387,0.03150215078846347,2.923,3.198,0
VYM,2021-08-31,0.11866487999651426,-0.048911734282932606,0.1980627260518013,-0.011163734776725165,0.03085775903104031,2.923,3.198,0
VYM,2021-09-30,0.11980449995404546,-0.0491328851334607,0.11025331299231067,0.03200000000000003,0.03236232834300135,2.967,3.2159999999999997,0
VYM,2021-10-31,0.11312406660085432,-0.0491328851334607,0.1534080872508976,0.03200000000000003,0.03084329081181673,2.967,3.2159999999999997,0
VYM,2021-11-30,0.12670222287572808,-0.0491328851334607,0.07466718413205409,0.03200000000000003,0.031574121489171825,2.967,3.2159999999999997,0
VYM,2021-12-31,0.12364049799610732,-0.0491328851334607,0.11215306808488612,0.06538196834136278,0.03086481903188562,3.096,3.2520000000000002,0
VYM,2022-01-31,0.12522737249545182,-0.0491328851334607,0.07869471808205475,0.06538196834136278,0.03102811309035865,3.096,3.2520000000000002,0
VYM,2022-02-28,0.1354692505667214,-0.06755961739114191,0.058529430730553056,0.06538196834136278,0.03149121727927259,3.096,3.2520000000000002,0
VYM,2022-03-31,0.1444112947275381,-0.06755961739114191,0.12096585298545648,0.03125,0.03070381433505986,3.102,3.307,0
VYM,2022-04-30,0.16539385999087197,-0.06755961739114191,0.01407416881839918,0.031249999999999778,0.03205154667294372,3.102,3.307,0
VYM,2022-05-31,0.18682712727376144,-0.07934015040691433,0.07766805915449826,0.03125,0.030963106425845332,3.102,3.307,0
VYM,2022-06-30,0.2170036166882686,-0.13415379611579514,-0.02597369773728031,0.09408142319534729,0.03463905028926458,3.198,3.3360000000000003,0
VYM,2022-07-31,0.20971182636360441,-0.13415379611579514,-0.016496622821228213,0.09408142319534729,0.03311516298721075,3.198,3.3360000000000003,0
VYM,2022-08-31,0.18399951718935337,-0.13415379611579514,-0.033993619072058445,0.09408142319534729,0.0339480641132474,3.198,3.3360000000000003,0
VYM,2022-09-30,0.17157186812216624,-0.15845012691748694,-0.14260374664143138,0.08392315470171874,0.037059722741058614,3.2159999999999997,3.354,0
VYM,2022-10-31,0.214579129817463,-0.15845012691748694,-0.025720650120192645,0.08392315470171874,0.03302240394281316,3.2159999999999997,3.354,0
VYM,2022-11-30,0.2222991756617679,-0.15845012691748694,0.030971951738849812,0.08392315470171874,0.031075792183699522,3.2159999999999997,3.354,0
VYM,2022-12-31,0.1865611702528548,-0.15845012691748694,-0.013301850590991093,0.050387596899224896,0.03256154657783262,3.2520000000000002,3.479,0
VYM,2023-01-31,0.15920429415352758,-0.14021423368111707,0.07687930992499958,0.050387596899224896,0.03180901967930845,3.2520000000000002,3.479,0
VYM,2023-02-28,0.1328278205726923,-0.13318685609789038,0.0975390564187224,0.050387596899224896,0.032966735586136074,3.2520000000000002,3.479,0
VYM,2023-03-31,0.14812480727007696,-0.13318685609789038,0.06636960621777743,0.06608639587362997,0.03372293679635951,3.307,3.418,0
VYM,2023-04-30,0.1380732646276698,-0.13318685609789038,-0.007842484435652497,0.06608639587362997,0.033299981554432055,3.307,3.4180000000000006,0
VYM,2023-05-31,0.14399424671677405,-0.09460953920966786,0.008103173872354263,0.06608639587362997,0.03510033613976159,3.307,3.418,0
VYM,2023-06-30,0.12058504891866204,-0.09460953920966786,0.09608451593321576,0.04315196998123838,0.03355878417997231,3.3360000000000003,3.5650000000000004,0
VYM,2023-07-31,0.11154851400385388,-0.09460953920966786,0.03216351510563542,0.04315196998123838,0.03226303419191264,3.3360000000000003,3.5650000000000004,0
VYM,2023-08-31,0.09436802056316226,-0.0890165051098124,0.025425972181494005,0.04315196998123838,0.03305395735498911,3.3360000000000003,3.5650000000000004,0
VYM,2023-09-30,0.09189219245359959,-0.08614646458633457,-0.04583057534544288,0.042910447761194126,0.03438558603262276,3.354,3.6310000000000002,0
VYM,2023-10-31,0.10467947610082882,-0.09883731696748754,-0.06277346868282396,0.042910447761194126,0.03536803284959839,3.354,3.6310000000000002,0
VYM,2023-11-30,0.11993671295945091,-0.09883731696748754,0.06077242905800717,0.042910447761194126,0.03328385509767892,3.354,3.6310000000000002,0
VYM,2023-12-31,0.1212653378229615,-0.09883731696748754,0.06371788984197835,0.06980319803198021,0.032685693871468524,3.479,3.495,0
VYM,2024-01-31,0.10502743494874878,-0.09883731696748754,0.11275916281306309,0.06980319803198021,0.03244157702951639,3.479,3.495,0
VYM,2024-02-29,0.09967893630208101,-0.09883731696748754,0.11686758312880885,0.06980319803198021,0.03161240705179311,3.479,3.495,0
VYM,2024-03-31,0.08987814829006163,-0.09883731696748754,0.15244779073898052,0.03356516480193528,0.029463129860714327,3.418,3.689,0
VYM,2024-04-30,0.09856600055543134,-0.08490443905292533,0.11792879408650214,0.0335651648019355,0.030606540667249285,3.4180000000000006,3.689,0
VYM,2024-05-31,0.10350552483015346,-0.07816595474976795,0.1381890850679186,0.03356516480193528,0.029706195548394897,3.418,3.689,0
VYM,2024-06-30,0.09926365156802602,-0.0519050106855482,0.16851217242525407,0.06864508393285385,0.031082506406291278,3.5650000000000004,3.527,1
VYM,2024-07-31,0.09323886380071997,-0.0519050106855482,0.2098397909869294,0.06864508393285385,0.029650008439311204,3.5650000000000004,3.527,1
VYM,2024-08-31,0.11463366529886164,-0.0519050106855482,0.1696329791465523,0.06864508393285385,0.028944609865513077,3.5650000000000004,3.527,1
VYM,2024-09-30,0.12482871898835045,-0.0519050106855482,0.19018012077702218,0.08258795468097802,0.029092699128122086,3.6310000000000002,3.5180000000000002,1
VYM,2024-10-31,0.10388813554174138,-0.0519050106855482,0.14505178642720518,0.08258795468097802,0.02918832271895025,3.6310000000000002,3.5180000000000002,1
VYM,2024-11-30,0.1090570809972593,-0.0519050106855482,0.16838856475104014,0.08258795468097802,0.027680594834284866,3.6310000000000002,3.5180000000000002,1
VYM,2024-12-31,0.12349474571921083,-0.05981902315777721,0.13542925042700138,0.004599022707674649,0.02792279233384811,3.495,2.554,1
VIG,2016-03-31,0.152737939307696,-0.10551669736056302,0.022440209123317567,2.8562091503267966,0.02614509629221254,1.7699999999999998,1.841,0
VIG,2016-04-30,0.11122497663661919,-0.10073371161489186,0.02449172880263495,2.8562091503267966,0.026232264616818705,1.7699999999999998,1.841,0
VIG,2016-05-31,0.09231503407718686,-0.08845845692806498,0.0933823098530282,2.8562091503267966,0.025985192980829096,1.7699999999999998,1.841,0
VIG,2016-06-30,0.12124587811749554,-0.08845845692806498,0.09455791143666814,0.968923418423973,0.02543958537241276,1.7739999999999998,1.913,0
VIG,2016-07-31,0.1169901946231481,-0.08845845692806498,0.11505887972150619,0.9689234184239732,0.02486894520498278,1.774,1.913,0
VIG,2016-08-31,0.10615478230730252,-0.087688026267432,0.13033050667471868,0.968923418423973,0.024866030391042473,1.7739999999999998,1.913,0
VIG,2016-09-30,0.09578080245590154,-0.042074211124323746,0.1697087917807416,0.2827380952380951,0.02440461649269805,1.724,1.95,0
VIG,2016-10-31,0.0934176797852398,-0.04313146070932761,0.09526267520560783,0.2827380952380951,0.024884932580953513,1.724,1.95,0
VIG,2016-11-30,0.1033798160624756,-0.05176424581383687,0.061371737074003896,0.2827380952380951,0.02416563106966394,1.724,1.95,0
VIG,2016-12-31,0.07610340953622113,-0.05176424581383687,0.05315758601368925,0.003848268279274425,0.02529950024132769,1.826,1.919,0
VIG,2017-01-31,0.07014460426602151,-0.05176424581383687,0.09554529591565353,0.003848268279274203,0.02486169246819048,1.8259999999999998,1.919,0
VIG,2017-02-28,0.06066355135141811,-0.05176424581383687,0.11698107038138161,0.003848268279274425,0.023830710357626732,1.826,1.919,0
VIG,2017-03-31,0.06026947597031247,-0.05176424581383687,0.07036513807142608,0.04011299435028248,0.024043811903434777,1.841,1.891,0
VIG,2017-04-30,0.06754342974822679,-0.04889293883097767,0.0872830042267827,0.04011299435028248,0.023636478081431905,1.841,1.891,0
VIG,2017-05-31,0.07055918640966427,-0.037878774873078225,0.13616694907500992,0.04011299435028248,0.023270215883284564,1.841,1.891,0
VIG,2017-06-30,0.07525378935062986,-0.025586558750354316,0.14844913499426338,0.0783540022547915,0.024114070741131872,1.913,1.939,0
VIG,2017-07-31,0.07104910004375463,-0.025586558750354316,0.12948878551041165,0.0783540022547915,0.023938415994488663,1.913,1.939,0
VIG,2017-08-31,0.07492064010904875,-0.025586558750354316,0.09022831849698543,0.0783540022547915,0.024025909655025976,1.913,1.939,0
VIG,2017-09-30,0.06770514718416129,-0.025586558750354316,0.11708680439313368,0.1310904872389791,0.0239217269664707,1.95,2.0069999999999997,0
VIG,2017-10-31,0.06880278254837414,-0.025586558750354316,0.09832459640759406,0.1310904872389791,0.023429850035077342,1.95,2.0069999999999997,0
VIG,2017-11-30,0.05926287796024031,-0.02309443543048606,0.12641719467942614,0.1310904872389791,0.022424256727727097,1.95,2.0069999999999997,0
VIG,2017-12-31,0.06480932852276625,-0.02309443543048606,0.16045480184594507,0.05093099671412915,0.021754368934138086,1.919,2.038,0
VIG,2018-01-31,0.0745693154507783,-0.02309443543048606,0.19815740504466772,0.05093099671412937,0.02071486722092511,1.919,2.0380000000000003,0
VIG,2018-02-28,0.15646678602136074,-0.09765726717706269,0.1127275887126884,0.05093099671412915,0.02158511589397438,1.919,2.038,0
VIG,2018-03-31,0.18729066460484342,-0.09765726717706269,0.09682831876777764,0.02715915263443791,0.02155796223860257,1.891,2.151,0
VIG,2018-04-30,0.20379939702069516,-0.09765726717706269,0.08233845969063203,0.02715915263443791,0.021760382304442712,1.891,2.151,0
VIG,2018-05-31,0.15611395574433495,-0.09765726717706269,0.08905026963008278,0.02715915263443791,0.02138233400010473,1.891,2.151,0
VIG,2018-06-30,0.10971538570931039,-0.09765726717706269,0.0744785682356559,0.013591217982226844,0.021858953373990724,1.939,2.058,0
VIG,2018-07-31,0.08568505066395497,-0.09765726717706269,0.10682260113083308,0.013591217982226844,0.02088086495482347,1.939,2.058,0
VIG,2018-08-31,0.07597624202365034,-0.09765726717706269,0.08425942639177397,0.013591217982226844,0.020311872508355366,1.939,2.058,0
VIG,2018-09-30,0.0713680252867872,-0.09765726717706269,0.06811628575686268,0.02923076923076917,0.020676839494062495,2.0069999999999997,2.112,0
VIG,2018-10-31,0.1290702971675064,-0.0963594574383968,0.011253768190319757,0.02923076923076917,0.02208108309334513,2.0069999999999997,2.112,0
VIG,2018-11-30,0.15396070226204167,-0.0963594574383968,0.06447005466290645,0.02923076923076917,0.021203568814440653,2.0069999999999997,2.112,0
VIG,2018-12-31,0.2140553698718353,-0.17277993996047059,-0.034033500662016825,0.062011464304325026,0.023594746393213184,2.038,2.1340000000000003,0
VIG,2019-01-31,0.20551031370843723,-0.17277993996047059,0.02950973177449767,0.06201146430432525,0.02219229022667604,2.0380000000000003,2.134,0
VIG,2019-02-28,0.19210299474296424,-0.17277993996047059,0.06097155901791407,0.062011464304325026,0.021220321290876813,2.038,2.1340000000000003,0
VIG,2019-03-31,0.12444810401895401,-0.17277993996047059,0.060230775623467014,0.13749338974087766,0.02214353325768785,2.151,2.098,1
VIG,2019-04-30,0.08928247924240829,-0.17277993996047059,0.07410128794572857,0.13749338974087766,0.02134907729048573,2.151,2.098,1
VIG,2019-05-31,0.10821857099206295,-0.17277993996047059,-0.005654752270514818,0.13749338974087766,0.022386507108260758,2.151,2.098,1
VIG,2019-06-30,0.10756266083199789,-0.1468913248420275,0.09590032919256997,0.06137184115523464,0.02008722304930379,2.058,2.226,0
VIG,2019-07-31,0.10922631656994189,-0.1468913248420275,0.11263522738527088,0.06137184115523464,0.01964872720332915,2.058,2.226,0
VIG,2019-08-31,0.1418950019340707,-0.07130587828254031,0.2061741505834911,0.06137184115523464,0.019534237504355886,2.058,2.226,0
VIG,2019-09-30,0.14182285539064682,-0.05300156211124485,0.20585086328445779,0.0523168908819136,0.019760891441401023,2.112,2.232,0
VIG,2019-10-31,0.13680547885473293,-0.05300156211124485,0.11650837735983766,0.0523168908819136,0.019755934365186675,2.112,2.232,0
VIG,2019-11-30,0.0863612253732512,-0.05300156211124485,0.13601214937251815,0.0523168908819136,0.019283555851656867,2.112,2.232,0
VIG,2019-12-31,0.07075579943430536,-0.05300156211124485,0.12545917848877663,0.04710500490677161,0.01906065422254181,2.1340000000000003,2.297,0
VIG,2020-01-31,0.0770935431517737,-0.05300156211124485,0.1447150290615713,0.047105004906771164,0.018952710654770805,2.134,2.297,0
VIG,2020-02-29,0.14868142570828252,-0.12074397223949251,0.022039151128651513,0.04710500490677161,0.02067793441585065,2.1340000000000003,2.297,0
VIG,2020-03-31,0.5421278836566873,-0.3171628875789799,-0.11054183453133548,-0.02463970246397018,0.022485654685260672,2.098,2.336,0
VIG,2020-04-30,0.5882326923594435,-0.3171628875789799,-0.02046298944221714,-0.02463970246397018,0.020464717608774486,2.098,2.336,0
VIG,2020-05-31,0.5710514081502176,-0.3171628875789799,-0.007882128473299166,-0.02463970246397018,0.019753517720723996,2.098,2.336,0
VIG,2020-06-30,0.28682440617034954,-0.3171628875789799,-0.006507126338271774,0.08163265306122458,0.02093942867936737,2.226,2.41,0
VIG,2020-07-31,0.20033374924647926,-0.3171628875789799,0.025532328703465446,0.08163265306122458,0.019947016841316674,2.226,2.41,0
VIG,2020-08-31,0.165642270285768,-0.3171628875789799,0.07115633011435918,0.08163265306122458,0.018789206201438164,2.226,2.41,0
VIG,2020-09-30,0.14136601793167067,-0.3171628875789799,0.015076860795458336,0.05681818181818188,0.019039634484048575,2.232,2.552,0
VIG,2020-10-31,0.16427689605627713,-0.3163256951922365,-0.020980231878744093,0.05681818181818188,0.019481787510568217,2.232,2.5520000000000005,0
VIG,2020-11-30,0.16891923118941593,-0.09794794614720725,0.41887798180743574,0.05681818181818188,0.01770482817185828,2.232,2.552,0
VIG,2020-12-31,0.14329926790188713,-0.07181639757309022,0.2771609527637473,0.0763823805060917,0.01777346185238539,2.297,2.661,0
VIG,2021-01-31,0.1348456722483328,-0.07181639757309022,0.23306961212625166,0.07638238050609192,0.018307769366133698,2.297,2.661,0
VIG,2021-02-28,0.11941356004620207,-0.06533836957253747,0.1920297169563241,0.0763823805060917,0.018023704992353742,2.297,2.661,0
VIG,2021-03-31,0.13870668601581787,-0.06533836957253747,0.21433703256911252,0.1134413727359389,0.017287167550661297,2.336,2.842,0
VIG,2021-04-30,0.11979023079508243,-0.06533836957253747,0.20672811682830816,0.1134413727359389,0.016617195593295987,2.336,2.8419999999999996,0
VIG,2021-05-31,0.11646105117479177,-0.06533836957253747,0.21171272622014947,0.1134413727359389,0.01633010401565296,2.336,2.842,0
VIG,2021-06-30,0.1084596876160338,-0.06290062004939756,0.1684537318067474,0.08265947888589409,0.016870415736715924,2.41,2.8619999999999997,0
VIG,2021-07-31,0.11400897483980398,-0.0415041779491252,0.15960580595581275,0.08265947888589409,0.01634968431920845,2.41,2.8619999999999997,0
VIG,2021-08-31,0.09790516190174338,-0.0415041779491252,0.16810606731844757,0.08265947888589409,0.016080862398671028,2.41,2.8619999999999997,0
VIG,2021-09-30,0.10315239645788607,-0.05441456705540315,0.10243014349064272,0.14336917562724016,0.01792328884800386,2.552,2.877,0
VIG,2021-10-31,0.10675602881848942,-0.05441456705540315,0.1651582046051394,0.14336917562724016,0.016761142117252322,2.5520000000000005,2.877,0
VIG,2021-11-30,0.12205026988972889,-0.05441456705540315,0.1352871334461736,0.14336917562724016,0.01699498364701036,2.552,2.877,0
VIG,2021-12-31,0.12428862893513606,-0.05441456705540315,0.14257682679665828,0.15846756639094473,0.016636603155045046,2.661,2.973,0
VIG,2022-01-31,0.13741014119992828,-0.08344466684718521,0.07554851600839041,0.15846756639094473,0.01756847574583111,2.661,2.973,0
VIG,2022-02-28,0.15827121403017688,-0.10365272240173651,0.043962879854019477,0.15846756639094473,0.018075253815038016,2.661,2.973,0
VIG,2022-03-31,0.17856255753023959,-0.11393067212459362,0.06006076208456168,0.21660958904109595,0.01873825730766464,2.842,3.028,0
VIG,2022-04-30,0.2001667403220441,-0.11393067212459362,-0.044315355388139466,0.21660958904109573,0.01974909834377728,2.8419999999999996,3.028,0
VIG,2022-05-31,0.22441172578885915,-0.15315140285936046,-0.02491817702773691,0.21660958904109595,0.019763224545392907,2.842,3.028,0
VIG,2022-06-30,0.24113186613631887,-0.19146694027341515,-0.0918437322433513,0.1875518672199168,0.021221438849604597,2.8619999999999997,3.1060000000000003,0
VIG,2022-07-31,0.22851887665946274,-0.19146694027341515,-0.0770794894885205,0.1875518672199168,0.019871033029955923,2.8619999999999997,3.106,0
VIG,2022-08-31,0.19419839793915758,-0.19146694027341515,-0.10313684349341656,0.1875518672199168,0.020581624919251557,2.8619999999999997,3.1060000000000003,0
VIG,2022-09-30,0.18277473364960742,-0.17235991239684367,-0.16525051995045503,0.12735109717868331,0.022533112806960166,2.877,3.162,0
VIG,2022-10-31,0.22005526945075513,-0.17235991239684367,-0.06486953789075467,0.1273510971786831,0.020492367004592185,2.877,3.162,0
VIG,2022-11-30,0.2353485634499505,-0.17235991239684367,-0.004969385578002639,0.12735109717868331,0.019196821433494885,2.877,3.162,0
VIG,2022-12-31,0.2080569525361681,-0.16507044094565182,-0.03179500318155859,0.11724915445321304,0.020606592699961027,2.973,3.209,0
VIG,2023-01-31,0.1804638061227613,-0.14927581408452362,0.09313553771190586,0.11724915445321304,0.020025033330770745,2.973,3.209,0
VIG,2023-02-28,0.14593128422543297,-0.14927581408452362,0.11349755043966891,0.11724915445321304,0.020588974227236614,2.973,3.209,0
VIG,2023-03-31,0.14805110407654334,-0.14927581408452362,0.08548991889026358,0.06544686840253333,0.02058931699991513,3.028,3.229,0
VIG,2023-04-30,0.13074755139656188,-0.14927581408452362,0.0025560699009525845,0.06544686840253355,0.020124139027663072,3.028,3.229,0
VIG,2023-05-31,0.1273469591453178,-0.07418308470966661,0.0686411869629826,0.06544686840253333,0.020691422104973073,3.028,3.229,0
VIG,2023-06-30,0.10813789244487569,-0.07004362974572254,0.184514005587461,0.08525506638714209,0.019928327856558598,3.1060000000000003,3.355,0
VIG,2023-07-31,0.0981756300184499,-0.07004362974572254,0.10467177834214136,0.08525506638714186,0.019470426122026704,3.106,3.355,0
VIG,2023-08-31,0.08885112528741457,-0.07004362974572254,0.09578341764646181,0.08525506638714209,0.019846463474108754,3.1060000000000003,3.355,0
VIG,2023-09-30,0.0896444986105034,-0.07004362974572254,0.012723741420026968,0.09906152241918664,0.021103406009493154,3.162,3.419,0
VIG,2023-10-31,0.09998658041889688,-0.09610573160206481,-0.0018159475935806135,0.09906152241918664,0.02141768187784103,3.162,3.419,0
VIG,2023-11-30,0.10837254949310307,-0.09610573160206481,0.11459119991707367,0.09906152241918664,0.019929784012804312,3.162,3.419,0
VIG,2023-12-31,0.10336162174877626,-0.09610573160206481,0.1041155674651204,0.0793810965354862,0.019423219345249036,3.209,3.379,0
VIG,2024-01-31,0.08726205619506246,-0.09610573160206481,0.11973030385410244,0.0793810965354862,0.01918787012521816,3.209,3.379,0
VIG,2024-02-29,0.0876571661858669,-0.09610573160206481,0.13120600005988092,0.0793810965354862,0.018554299408420488,3.209,3.379,0
VIG,2024-03-31,0.08653366739562378,-0.09610573160206481,0.12841439511615027,0.06638044914134755,0.018160820293086622,3.229,3.548,0
VIG,2024-04-30,0.09480768761056053,-0.07855447690955608,0.10917831601085703,0.06638044914134755,0.018942978447161928,3.229,3.548,0
VIG,2024-05-31,0.09811726944661808,-0.06594981020479573,0.1361833372950898,0.06638044914134755,0.018332489893624026,3.229,3.548,0
VIG,2024-06-30,0.09161130156292967,-0.0508187079949638,0.17567695826490737,0.08016741790083692,0.018783302340108103,3.355,3.52,0
VIG,2024-07-31,0.08921986459051306,-0.0508187079949638,0.18748285741634385,0.08016741790083715,0.018066770210577815,3.355,3.52,0
VIG,2024-08-31,0.10944253768062231,-0.0508187079949638,0.167712473850951,0.08016741790083692,0.01748631682519328,3.355,3.52,0
VIG,2024-09-30,0.11894915329706764,-0.0508187079949638,0.18614848655604654,0.0812776723592663,0.017568284259425363,3.419,3.55,0
VIG,2024-10-31,0.1028224889073976,-0.0508187079949638,0.12276415968228682,0.0812776723592663,0.017918399908899624,3.419,3.55,0
VIG,2024-11-30,0.10465710497911276,-0.0508187079949638,0.15546431536397365,0.0812776723592663,0.01700006851085548,3.419,3.55,0
VIG,2024-12-31,0.11787604449005296,-0.045576199393385086,0.14327824957314572,0.05297600498597688,0.017482498762703847,3.379,2.674,1
HDV,2016-03-31,0.1441553941642449,-0.10376899240256166,0.06522736100033533,2.96094839609484,0.051324325809307694,2.8400000000000003,2.746,1
HDV,2016-04-30,0.0939013376963947,-0.09826475562115378,0.08330986198551948,2.9609483960948397,0.050777574080941267,2.84,2.7459999999999996,1
HDV,2016-05-31,0.08520692788823388,-0.08341799784744419,0.15700331425455682,2.96094839609484,0.04997892127038434,2.8400000000000003,2.746,1
HDV,2016-06-30,0.1056386749080618,-0.08341799784744419,0.13350888069242717,0.9375866851595012,0.04754730813144742,2.7940000000000005,2.7849999999999997,1
HDV,2016-07-31,0.10117365547910201,-0.07095885133929092,0.15749504511705403,0.9375866851595012,0.047202539551273515,2.7940000000000005,2.785,1
HDV,2016-08-31,0.0942833832924745,-0.07095885133929092,0.15242343170557482,0.9375866851595012,0.04771573233416751,2.7940000000000005,2.7849999999999997,1
HDV,2016-09-30,0.0985357598941208,-0.04171659548869733,0.18235226062217658,0.27541589648798537,0.04707236099902643,2.76,2.8289999999999997,0
HDV,2016-10-31,0.09651256926879218,-0.051021154056890006,0.09164792959448187,0.27541589648798537,0.04825987104019293,2.76,2.8289999999999997,0
HDV,2016-11-30,0.10770597789422189,-0.0641229091868778,0.04761440286554608,0.27541589648798537,0.04764091560011093,2.76,2.8289999999999997,0
HDV,2016-12-31,0.08446964342453309,-0.0641229091868778,0.06438446166598855,-0.06249999999999989,0.04514820397181631,2.7,2.949,0
HDV,2017-01-31,0.0835299956320657,-0.0641229091868778,0.06631233107456502,-0.06249999999999989,0.04547998399243728,2.7,2.949,0
HDV,2017-02-28,0.06889221609734682,-0.0641229091868778,0.07199894446719468,-0.06249999999999989,0.043842287912363595,2.7,2.949,0
HDV,2017-03-31,0.05618580390418345,-0.0641229091868778,0.026561259194398446,-0.03309859154929584,0.04465170269458188,2.746,3.025,0
HDV,2017-04-30,0.05487781122066291,-0.05363270501163808,0.03995323017732111,-0.03309859154929584,0.04497346965015594,2.7459999999999996,3.025,0
HDV,2017-05-31,0.05484249130738034,-0.0439583644063114,0.07036247728600364,-0.03309859154929584,0.04436600690703265,2.746,3.025,0
HDV,2017-06-30,0.05878943243624241,-0.02571203868638583,0.06910373583421547,-0.003221188260558616,0.045297966468123695,2.7849999999999997,3.1029999999999998,0
HDV,2017-07-31,0.06679050112787988,-0.0310903365649825,0.08972166146091443,-0.003221188260558505,0.04455828391863082,2.785,3.1030000000000006,0
HDV,2017-08-31,0.06931183518900166,-0.0310903365649825,0.03521498984292215,-0.003221188260558616,0.04475423183648468,2.7849999999999997,3.1029999999999998,0
HDV,2017-09-30,0.06246857861575599,-0.0310903365649825,0.07421930929813003,0.02499999999999991,0.044128100042009455,2.8289999999999997,3.1620000000000004,0
HDV,2017-10-31,0.060521907799527035,-0.0310903365649825,0.053770516839780624,0.02499999999999991,0.04426715680129849,2.8289999999999997,3.1620000000000004,0
HDV,2017-11-30,0.06087006360014481,-0.0310903365649825,0.0692875402274633,0.02499999999999991,0.0426781824796742,2.8289999999999997,3.1620000000000004,0
HDV,2017-12-31,0.06351281751273039,-0.0310903365649825,0.10625627626135237,0.09222222222222198,0.043486769899153746,2.949,3.095,0
HDV,2018-01-31,0.07487267185369809,-0.0310903365649825,0.1381695561612868,0.09222222222222198,0.042501312101039586,2.949,3.095,0
HDV,2018-02-28,0.15556962931630933,-0.1080683771651807,0.03149959322708673,0.09222222222222198,0.045511389759271915,2.949,3.095,0
HDV,2018-03-31,0.17068035975762436,-0.1187711759670107,0.04343205550483642,0.10160233066278224,0.04715358433211949,3.025,3.1180000000000003,0
HDV,2018-04-30,0.1812005034335035,-0.1187711759670107,0.02518027285132929,0.10160233066278246,0.04716474653692656,3.025,3.1180000000000003,0
HDV,2018-05-31,0.12847437753636243,-0.1187711759670107,0.01324310895596903,0.10160233066278224,0.04702000977891656,3.025,3.1180000000000003,0
HDV,2018-06-30,0.10047531506739019,-0.1187711759670107,0.009629901573906974,0.1141831238779174,0.04763011014911358,3.1029999999999998,3.072,1
HDV,2018-07-31,0.08534859777717242,-0.1187711759670107,0.053447025590847685,0.11418312387791762,0.04582907627658462,3.1030000000000006,3.072,1
HDV,2018-08-31,0.07569174276113354,-0.1187711759670107,0.012290036985602937,0.1141831238779174,0.045270439162302493,3.1029999999999998,3.072,1
HDV,2018-09-30,0.07042266083599077,-0.1187711759670107,0.020794376278289173,0.11770943796394517,0.045166766692237036,3.1620000000000004,3.138,1
HDV,2018-10-31,0.11172783826629898,-0.06105918470676519,0.03798367689525084,0.11770943796394517,0.046187035524317174,3.1620000000000004,3.138,1
HDV,2018-11-30,0.1280455820674522,-0.05540439858026891,0.09935976416928516,0.11770943796394517,0.04430073343988179,3.1620000000000004,3.138,1
HDV,2018-12-31,0.18342341433250095,-0.12872072129310497,0.003842821710120292,0.049508307900983484,0.047057407512451715,3.095,3.208,0
HDV,2019-01-31,0.18046371331482206,-0.12872072129310497,0.06410276036233942,0.049508307900983484,0.044892062383334465,3.095,3.2079999999999997,0
HDV,2019-02-28,0.17145315187382307,-0.12872072129310497,0.10849963658675876,0.049508307900983484,0.04303353508471182,3.095,3.208,0
HDV,2019-03-31,0.11035596695437819,-0.12872072129310497,0.10905522146627922,0.0307438016528927,0.042504038784646515,3.1180000000000003,3.3000000000000003,0
HDV,2019-04-30,0.07596735053372053,-0.12872072129310497,0.09787844306235693,0.0307438016528927,0.04156395539824694,3.1180000000000003,3.3000000000000003,0
HDV,2019-05-31,0.09802082078396279,-0.12872072129310497,0.004075595566223944,0.0307438016528927,0.04429897484725034,3.1180000000000003,3.3000000000000003,0
HDV,2019-06-30,0.101750201282497,-0.12872072129310497,0.0924106748955964,-0.009990331936835184,0.04101165673153176,3.072,3.4290000000000003,0
HDV,2019-07-31,0.102960138748028,-0.12872072129310497,0.05800551030587897,-0.009990331936835517,0.04109863430925444,3.072,3.429,0
HDV,2019-08-31,0.12857863276625559,-0.06879304282754928,0.09682564024621576,-0.009990331936835184,0.04182604036583499,3.072,3.4290000000000003,0
HDV,2019-09-30,0.12658842651166177,-0.06174001674833707,0.12993459704041221,-0.007590132827324569,0.041666740382222074,3.138,3.423,0
HDV,2019-10-31,0.12789835523805393,-0.06174001674833707,0.06526255952636317,-0.007590132827324569,0.041411653266656474,3.138,3.423,0
HDV,2019-11-30,0.08683421002133086,-0.06174001674833707,0.04939505344216322,-0.007590132827324569,0.040829853216444396,3.138,3.423,0
HDV,2019-12-31,0.07511726094240424,-0.06174001674833707,0.061720733317550236,0.03651050080775442,0.04057115619971772,3.208,3.567,0
HDV,2020-01-31,0.07920486392291437,-0.054941579234621174,0.034033332632598556,0.0365105008077542,0.04231879288891984,3.2079999999999997,3.567,0
HDV,2020-02-29,0.14435963107935126,-0.13896551783844346,-0.07717146986334045,0.03651050080775442,0.0469753748470431,3.208,3.567,0
HDV,2020-03-31,0.5548548855455893,-0.37043823144467314,-0.2240387670845837,0.05837075048107754,0.05642903735864614,3.3000000000000003,3.535,0
HDV,2020-04-30,0.6121435056967528,-0.37043823144467314,-0.09542519866867105,0.05837075048107754,0.04938231237094641,3.3000000000000003,3.535,0
HDV,2020-05-31,0.6052563183725271,-0.37043823144467314,-0.09418618090520625,0.05837075048107754,0.04811699255447316,3.3000000000000003,3.535,0
HDV,2020-06-30,0.3369467856710924,-0.37043823144467314,-0.10386272388687223,0.1162109375,0.0511499294455693,3.4290000000000003,3.466,0
HDV,2020-07-31,0.25933821067754365,-0.37043823144467314,-0.10323324704375691,0.1162109375,0.04987164278771995,3.429,3.466,0
HDV,2020-08-31,0.2086455260898373,-0.37043823144467314,-0.10785992667404476,0.1162109375,0.04898873101730617,3.4290000000000003,3.466,0
HDV,2020-09-30,0.14665384404228776,-0.36844795773551753,-0.1501786222105267,0.09082217973231366,0.05094557675899622,3.423,3.3790000000000004,1
HDV,2020-10-31,0.16145188066247418,-0.3530763199613154,-0.15522645211954278,0.09082217973231366,0.05267345844302581,3.423,3.3790000000000004,1
HDV,2020-11-30,0.20362830198157442,-0.13204452111056353,0.26807532808023704,0.09082217973231366,0.047274306795091876,3.423,3.3790000000000004,1
HDV,2020-12-31,0.19071157068620456,-0.13204452111056353,0.15118591018125382,0.11190773067331672,0.04823793375404086,3.567,3.5070000000000006,1
HDV,2021-01-31,0.17269540528368835,-0.13204452111056353,0.11242447762067265,0.11190773067331694,0.04878887372745909,3.567,3.5069999999999997,1
HDV,2021-02-28,0.12796863437946993,-0.09464595870295578,0.0919697382102409,0.11190773067331672,0.047219958083830525,3.567,3.5070000000000006,1
HDV,2021-03-31,0.13828191188530606,-0.09464595870295578,0.17183073904191426,0.07121212121212106,0.043753443885163286,3.535,3.395,1
HDV,2021-04-30,0.1256992271894592,-0.08691609540359702,0.15313282747422519,0.07121212121212106,0.04343757775300723,3.535,3.395,1
HDV,2021-05-31,0.1215909949638099,-0.0689407654690497,0.20915405449553548,0.07121212121212106,0.04232175252098028,3.535,3.395,1
HDV,2021-06-30,0.10797324297267699,-0.058615736629540005,0.20962190242834433,0.010790317876931965,0.04182491273808925,3.466,3.155,1
HDV,2021-07-31,0.1091620158585792,-0.04252726227607995,0.14536639221337522,0.010790317876932187,0.04151525606930109,3.466,3.155,1
HDV,2021-08-31,0.1014151573564825,-0.04252726227607995,0.11598153988339766,0.010790317876931965,0.04148966355690542,3.466,3.155,1
HDV,2021-09-30,0.10371842788554857,-0.04654771370509703,0.07334536104156975,-0.012854221443178382,0.0414248108352506,3.3790000000000004,3.622,0
HDV,2021-10-31,0.10562167992192063,-0.04654771370509703,0.11939012682785899,-0.012854221443178382,0.03969000642184554,3.3790000000000004,3.622,0
HDV,2021-11-30,0.12214954100530054,-0.04786791260266743,0.03186030648779492,-0.012854221443178382,0.04124104539722737,3.3790000000000004,3.622,0
HDV,2021-12-31,0.11633621554145261,-0.04957763606527055,0.0808615580868699,-0.016820857863750982,0.03970343907972431,3.5070000000000006,3.7159999999999997,0
HDV,2022-01-31,0.11205362400049826,-0.04957763606527055,0.08510388828202475,-0.016820857863751204,0.03880431425897794,3.5069999999999997,3.716,0
HDV,2022-02-28,0.11784692204877285,-0.04957763606527055,0.07599636945004895,-0.016820857863750982,0.03887957350583465,3.5070000000000006,3.7159999999999997,0
HDV,2022-03-31,0.12126092872123587,-0.04957763606527055,0.15362537346464533,-0.03960396039603964,0.03605030311328084,3.395,3.9880000000000004,0
HDV,2022-04-30,0.1472113413946915,-0.05695045453284964,0.08168167153294692,-0.03960396039603964,0.037173612324155246,3.395,3.9880000000000004,0
HDV,2022-05-31,0.16302108946521296,-0.05695045453284964,0.16020768639491045,-0.03960396039603964,0.03541743542233508,3.395,3.9880000000000004,0
HDV,2022-06-30,0.19735900730188158,-0.11169843837840432,0.06814525438573993,-0.08972879399884603,0.03546977369728409,3.155,4.214,0
HDV,2022-07-31,0.18685078366554053,-0.11169843837840432,0.07154420585703147,-0.08972879399884603,0.034291766320657724,3.155,4.214,0
HDV,2022-08-31,0.16468348696717927,-0.11169843837840432,0.03477779010765403,-0.08972879399884603,0.03530805353770282,3.155,4.214,0
HDV,2022-09-30,0.1629233469904917,-0.15416507004545332,-0.08967611658704022,0.0719147676827463,0.04421731087230554,3.622,4.061000000000001,0
HDV,2022-10-31,0.20753047463844057,-0.15416507004545332,0.02430566623228314,0.0719147676827463,0.039186479134399405,3.622,4.061,0
HDV,2022-11-30,0.22150800136888596,-0.15416507004545332,0.05365244198474306,0.0719147676827463,0.03731027341321062,3.622,4.061000000000001,0
HDV,2022-12-31,0.18279055557978846,-0.15416507004545332,-0.00802188623941913,0.05959509552323894,0.039300008262414275,3.7159999999999997,3.8930000000000002,0
HDV,2023-01-31,0.1623368171418334,-0.15385710228159333,0.04163238730188357,0.05959509552323938,0.038893315103505806,3.716,3.8930000000000002,0
HDV,2023-02-28,0.13954564569572664,-0.1270735858378944,0.04815058400740835,0.05959509552323894,0.040754404666715975,3.7159999999999997,3.8930000000000002,0
HDV,2023-03-31,0.14025312689688663,-0.1270735858378944,0.060364424455476406,0.17466863033873348,0.0427893506963403,3.9880000000000004,3.686,1
HDV,2023-04-30,0.13051504116404603,-0.1270735858378944,0.00862117622458225,0.17466863033873348,0.04233131282144891,3.9880000000000004,3.686,1
HDV,2023-05-31,0.13313995346290983,-0.08691307827676809,0.010663425295474704,0.17466863033873348,0.044419130757993454,3.9880000000000004,3.686,1
HDV,2023-06-30,0.11646504111258436,-0.08691307827676809,0.07992217453484751,0.3356576862123615,0.045238716804664215,4.214,3.818,1
HDV,2023-07-31,0.1088019032572208,-0.08691307827676809,0.02293262020139397,0.3356576862123615,0.043703734228396095,4.214,3.8179999999999996,1
HDV,2023-08-31,0.09833043407279633,-0.08381787618313952,0.028545437445635535,0.3356576862123615,0.044225125312049064,4.214,3.818,1
HDV,2023-09-30,0.09316182404891166,-0.07820029901817815,-0.03939013874735442,0.12120375483158496,0.04396330919006371,4.061000000000001,3.969,1
HDV,2023-10-31,0.10824382712347085,-0.09203309196460252,-0.05176263848363749,0.12120375483158474,0.045533430733261666,4.061,3.969,1
HDV,2023-11-30,0.11953634977641273,-0.09203309196460252,0.034652499012130855,0.12120375483158496,0.04362363958717621,4.061000000000001,3.969,1
HDV,2023-12-31,0.12124645131732288,-0.09203309196460252,0.009795515499947172,0.047631862217438314,0.040476960939659766,3.8930000000000002,4.114,0
HDV,2024-01-31,0.10441601823678372,-0.09203309196460252,0.0738024558355257,0.04763186221743809,0.03985177914325086,3.8930000000000002,4.114,0
HDV,2024-02-29,0.10394132054946903,-0.09203309196460252,0.07498247477744902,0.047631862217438314,0.03913770706490646,3.8930000000000002,4.114,0
HDV,2024-03-31,0.0906413462933592,-0.09203309196460252,0.1255873305427626,-0.07572718154463398,0.035193796387359526,3.686,4.074,0
HDV,2024-04-30,0.0966066916769321,-0.09203309196460252,0.08243848515363594,-0.07572718154463398,0.03595391589428941,3.686,4.074,0
HDV,2024-05-31,0.10136783796817124,-0.08537369699292119,0.09216245897636388,-0.07572718154463398,0.03524176438672883,3.686,4.074,0
HDV,2024-06-30,0.1013308175838044,-0.049853103035440216,0.13014022475785936,-0.0939724727100143,0.036647150827384664,3.818,4.059,0
HDV,2024-07-31,0.10239383982248151,-0.03956090961201708,0.20523043634787141,-0.09397247271001441,0.03469080462957314,3.8179999999999996,4.059,0
HDV,2024-08-31,0.10078324075159936,-0.03956090961201708,0.18277937188284876,-0.0939724727100143,0.03363912378935011,3.818,4.059,0
HDV,2024-09-30,0.10505005901123153,-0.03956090961201708,0.18660270730294037,-0.022654518591480155,0.034842479439428475,3.969,3.7800000000000002,1
HDV,2024-10-31,0.08284358443324837,-0.03956090961201708,0.15535442790217036,-0.022654518591479933,0.03480697254441374,3.969,3.7800000000000002,1
HDV,2024-11-30,0.08758530315129501,-0.03956090961201708,0.15307345417287377,-0.022654518591480155,0.03379100149889278,3.969,3.7800000000000002,1
HDV,2024-12-31,0.10081005088754885,-0.07722168829525566,0.08301167831598422,0.056768558951964865,0.03746967714579884,4.114,2.6580000000000004,1
DVY,2016-03-31,0.1452732838126599,-0.09094366381308161,0.09449628297369839,3.3829431438127093,0.04495901049786054,2.621,2.766,0
DVY,2016-04-30,0.10800895855647398,-0.09094366381308161,0.08598162892603756,3.3829431438127093,0.04475625603195084,2.621,2.766,0
DVY,2016-05-31,0.10035401402038768,-0.08136230750505691,0.14662016572962355,3.3829431438127093,0.04429194831295226,2.621,2.766,0
DVY,2016-06-30,0.12257048768240855,-0.08136230750505691,0.14509623173632824,1.1302250803858525,0.04318347270582425,2.6500000000000004,2.82,0
DVY,2016-07-31,0.11335656190210142,-0.07875529588717844,0.18418755487290128,1.1302250803858525,0.042334593776107515,2.6500000000000004,2.82,0
DVY,2016-08-31,0.10957373329582527,-0.07247739837031097,0.18654552445924955,1.1302250803858525,0.0427672254380063,2.6500000000000004,2.82,0
DVY,2016-09-30,0.11016427313302771,-0.038052583300578924,0.21881288471363347,0.41930379746835444,0.043293936966566006,2.691,2.8549999999999995,0
DVY,2016-10-31,0.11379296065872663,-0.03903889563976071,0.13316210519150973,0.41930379746835467,0.04413870486538478,2.6910000000000003,2.8549999999999995,0
DVY,2016-11-30,0.12540113780254677,-0.05634561351529721,0.09300892105218073,0.41930379746835444,0.042529618101932,2.691,2.8549999999999995,0
DVY,2016-12-31,0.09625180027558516,-0.05634561351529721,0.105048619808922,0.040942448821939204,0.04162482431893724,2.6950000000000003,2.956,0
DVY,2017-01-31,0.09206824997956656,-0.05634561351529721,0.1389047984607803,0.04094244882193898,0.04107297449303679,2.695,2.956,0
DVY,2017-02-28,0.0794894335830927,-0.05634561351529721,0.1290405820194993,0.040942448821939204,0.039947007081893963,2.6950000000000003,2.956,0
DVY,2017-03-31,0.07982408877389742,-0.05634561351529721,0.07037085801635512,0.055322396032048804,0.0412162980209546,2.766,3.036,0
DVY,2017-04-30,0.07478836537528936,-0.05634561351529721,0.08730105741500283,0.055322396032048804,0.04103609424879174,2.766,3.036,0
DVY,2017-05-31,0.07637923585185369,-0.05634561351529721,0.11030107551554758,0.055322396032048804,0.040720128850521266,2.766,3.036,0
DVY,2017-06-30,0.07484965626554496,-0.03069475208883099,0.12747128120757023,0.06415094339622618,0.04119172628377614,2.82,3.109,0
DVY,2017-07-31,0.07364217824126794,-0.028164501188175373,0.10424206470552266,0.06415094339622618,0.040943071963486725,2.82,3.1090000000000004,0
DVY,2017-08-31,0.06929229078702266,-0.030756929076695916,0.047319128716686754,0.06415094339622618,0.041263324761531044,2.82,3.109,0
DVY,2017-09-30,0.06001580654352374,-0.030756929076695916,0.08041919706675937,0.06094388703084341,0.04074483196552008,2.8549999999999995,3.24,0
DVY,2017-10-31,0.05782585033777091,-0.030756929076695916,0.06373474936854473,0.06094388703084319,0.040271804408960145,2.8549999999999995,3.24,0
DVY,2017-11-30,0.05498579447805771,-0.030756929076695916,0.09626379243175376,0.06094388703084341,0.038703260176720586,2.8549999999999995,3.24,0
DVY,2017-12-31,0.06185728131194605,-0.030756929076695916,0.10846871160926241,0.09684601113172531,0.03976342736838389,2.956,3.197,0
DVY,2018-01-31,0.07491238108515257,-0.030756929076695916,0.1359544726063988,0.09684601113172553,0.03893386428384737,2.956,3.197,0
DVY,2018-02-28,0.14151673905952614,-0.09186862832809806,0.045370087354689614,0.09684601113172531,0.04066281394657387,2.956,3.197,0
DVY,2018-03-31,0.15950289416282126,-0.09186862832809806,0.05733847265514913,0.0976138828633406,0.04197381416087516,3.036,3.287,0
DVY,2018-04-30,0.16862615622315594,-0.09186862832809806,0.0721900141984837,0.0976138828633406,0.04145088960105398,3.036,3.287,0
DVY,2018-05-31,0.11905318884093985,-0.09186862832809806,0.06567968049220263,0.0976138828633406,0.040882134077633754,3.036,3.287,0
DVY,2018-06-30,0.08076872544530284,-0.09186862832809806,0.05409683842146884,0.10248226950354611,0.04149014537027176,3.109,3.367,0
DVY,2018-07-31,0.06435223424718213,-0.09186862832809806,0.07554903298389903,0.10248226950354633,0.04056869930192459,3.1090000000000004,3.367,0
DVY,2018-08-31,0.0646722896190472,-0.09186862832809806,0.0393696489902462,0.10248226950354611,0.040146984026932085,3.109,3.367,0
DVY,2018-09-30,0.06941640286947202,-0.09186862832809806,0.027148517758303292,0.1348511383537656,0.042001335779922495,3.24,3.464,0
DVY,2018-10-31,0.10706244772320786,-0.07251900230229558,0.0030121287213287218,0.1348511383537656,0.04370559041713935,3.24,3.464,0
DVY,2018-11-30,0.12132283575246604,-0.07251900230229558,0.039103844857442116,0.1348511383537656,0.04282118514556893,3.24,3.464,0
DVY,2018-12-31,0.17443379798701536,-0.15339666396677976,-0.05755734891819497,0.08152909336941816,0.04592384091771145,3.197,3.6,0
DVY,2019-01-31,0.170313722177837,-0.15339666396677976,-0.0006000015176931273,0.08152909336941816,0.04299673407730578,3.197,3.6,0
DVY,2019-02-28,0.1596841864261948,-0.15339666396677976,0.02007999282225259,0.08152909336941816,0.0417876490260652,3.197,3.6,0
DVY,2019-03-31,0.10215006121119354,-0.15339666396677976,0.020540357600948855,0.08267457180500659,0.04257326208831028,3.287,3.676,0
DVY,2019-04-30,0.08108515123527353,-0.15339666396677976,0.02817943651589716,0.08267457180500659,0.041360006597115986,3.287,3.676,0
DVY,2019-05-31,0.10865006357536992,-0.15339666396677976,-0.059832293641737255,0.08267457180500659,0.044651662268697226,3.287,3.676,0
DVY,2019-06-30,0.10961794823771287,-0.13378509410372486,0.04603226892569556,0.08298488259890635,0.04261979217367791,3.367,3.5940000000000003,0
DVY,2019-07-31,0.10650093243678053,-0.13080414112910477,0.05619223805894569,0.08298488259890635,0.04231378263101906,3.367,3.5940000000000003,0
DVY,2019-08-31,0.1347889230481383,-0.0737185471791233,0.08867680592599303,0.08298488259890635,0.043320327402056984,3.367,3.5940000000000003,0
DVY,2019-09-30,0.13828377232543226,-0.0737185471791233,0.13686582611488673,0.06913580246913575,0.04241983502701216,3.464,3.5839999999999996,0
DVY,2019-10-31,0.14227125444942385,-0.0737185471791233,0.07540821357683769,0.06913580246913575,0.04236165533435815,3.464,3.5839999999999996,0
DVY,2019-11-30,0.0973883389565942,-0.0737185471791233,0.06911604483959555,0.06913580246913575,0.04168789468025396,3.464,3.5839999999999996,0
DVY,2019-12-31,0.07881334459282058,-0.0737185471791233,0.0824079114752827,0.12605567719737265,0.04217521738337665,3.6,3.5229999999999997,1
DVY,2020-01-31,0.07877258528753152,-0.06194531135969905,0.09112498538877478,0.12605567719737265,0.04294751949120401,3.6,3.523,1
DVY,2020-02-29,0.15624869755907186,-0.14109947418181856,-0.03549038815165828,0.12605567719737265,0.04835321991734666,3.6,3.5229999999999997,1
DVY,2020-03-31,0.6109938975708217,-0.41593664235051697,-0.24608123661578207,0.11834499543656829,0.06103244556131196,3.676,3.537,1
DVY,2020-04-30,0.6781788282394831,-0.41593664235051697,-0.14860011074404067,0.11834499543656829,0.055658796872012785,3.676,3.5369999999999995,1
DVY,2020-05-31,0.6807388343319389,-0.41593664235051697,-0.17140663574164927,0.11834499543656829,0.05437098605192398,3.676,3.537,1
DVY,2020-06-30,0.39566858397642074,-0.41593664235051697,-0.176298666668675,0.06741906741906756,0.053838364480854335,3.5940000000000003,3.7299999999999995,0
DVY,2020-07-31,0.310933084112928,-0.41593664235051697,-0.17401268279358983,0.06741906741906756,0.05230900452019899,3.5940000000000003,3.73,0
DVY,2020-08-31,0.2580012852626785,-0.41593664235051697,-0.17541635662755528,0.06741906741906756,0.051314596486114035,3.5940000000000003,3.7299999999999995,0
DVY,2020-09-30,0.20000841634678598,-0.41593664235051697,-0.2129796874100599,0.034642032332563355,0.05253488998877867,3.5839999999999996,3.816,0
DVY,2020-10-31,0.2039512370891151,-0.4100537550860458,-0.18768340013679596,0.034642032332563355,0.05161078064700845,3.5839999999999996,3.816,0
DVY,2020-11-30,0.27632821057296525,-0.1472901428735579,0.36925197677017785,0.034642032332563355,0.04563433626888081,3.5839999999999996,3.816,0
DVY,2020-12-31,0.2554947908960742,-0.1472901428735579,0.2718683485297486,-0.021388888888889013,0.04340407003166808,3.5229999999999997,3.8229999999999995,0
DVY,2021-01-31,0.248902166512931,-0.1472901428735579,0.2862726035843761,-0.0213888888888889,0.043161736311353005,3.523,3.8229999999999995,0
DVY,2021-02-28,0.166095989646107,-0.08116750361566127,0.2724463020524126,-0.021388888888889013,0.039727857089147035,3.5229999999999997,3.8229999999999995,0
DVY,2021-03-31,0.1856773391616361,-0.07569621303512497,0.41494018386769493,-0.037812840043525586,0.03641780943891873,3.537,3.75,0
DVY,2021-04-30,0.159097211371379,-0.07098240844852965,0.4223904137783181,-0.03781284004352581,0.03513081551773171,3.5369999999999995,3.75,0
DVY,2021-05-31,0.1515737084086011,-0.06747354915440995,0.4510037587093816,-0.037812840043525586,0.03432974370598324,3.537,3.75,0
DVY,2021-06-30,0.14179675598002048,-0.06747354915440995,0.38534386186049696,0.03784084585420122,0.037268288176114786,3.7299999999999995,3.624,1
DVY,2021-07-31,0.15371985853740128,-0.07803984386306428,0.2568256445063877,0.037840845854201444,0.03758412326337238,3.73,3.624,1
DVY,2021-08-31,0.14581573933500352,-0.07803984386306428,0.26158051643905633,0.03784084585420122,0.03656287063578524,3.7299999999999995,3.624,1
DVY,2021-09-30,0.14102356558725465,-0.07803984386306428,0.16320702241283414,0.06473214285714302,0.03841636310179042,3.816,3.938,0
DVY,2021-10-31,0.1282133933116746,-0.07803984386306428,0.1620996074321961,0.06473214285714302,0.037342193651426,3.816,3.9379999999999997,0
DVY,2021-11-30,0.14347791234354043,-0.07803984386306428,0.03130559769922292,0.06473214285714302,0.03828954035779006,3.816,3.938,0
DVY,2021-12-31,0.1395727716426251,-0.07803984386306428,0.07149953051197988,0.08515469770082307,0.035764249900256014,3.8229999999999995,4.141,0
DVY,2022-01-31,0.139542149440523,-0.07231056178293072,0.05351349921662707,0.08515469770082307,0.035337621902138086,3.8229999999999995,4.141,0
DVY,2022-02-28,0.14291907437513668,-0.06044948221911439,0.0516125517768673,0.08515469770082307,0.0354118343032182,3.8229999999999995,4.141,0
DVY,2022-03-31,0.1492152593746396,-0.06044948221911439,0.1650404051862986,0.06022052586938087,0.03332925803953415,3.75,4.258,0
DVY,2022-04-30,0.16581515603476443,-0.06523393048865134,0.05858989870619702,0.06022052586938109,0.034573176161558694,3.75,4.258,0
DVY,2022-05-31,0.16998887110544442,-0.06523393048865134,0.1363786360140813,0.06022052586938087,0.032819544188132266,3.75,4.258,0
DVY,2022-06-30,0.2140248237922971,-0.13746545535287436,0.01616862373898753,-0.028418230563002522,0.034837078793834034,3.624,4.207,0
DVY,2022-07-31,0.2093630658859129,-0.13746545535287436,0.03231937736608126,-0.028418230563002633,0.033529188443942745,3.624,4.207,0
DVY,2022-08-31,0.1916298525452706,-0.13746545535287436,0.022807327617091477,-0.028418230563002522,0.034129374999191685,3.624,4.207,0
DVY,2022-09-30,0.17941146533122723,-0.17327596970755554,-0.1295643521709703,0.031970649895178394,0.04105122313050116,3.938,4.326,0
DVY,2022-10-31,0.22905768122223463,-0.17327596970755554,-0.029778026786975387,0.03197064989517817,0.037253593251241814,3.9379999999999997,4.326,0
DVY,2022-11-30,0.24204049510423922,-0.17327596970755554,0.019078080113546392,0.031970649895178394,0.035074607455519984,3.938,4.326,0
DVY,2022-12-31,0.1991808082763186,-0.17327596970755554,-0.04096415825270372,0.08318074810358378,0.03805567845358959,4.141,4.475,0
DVY,2023-01-31,0.16624988867811832,-0.16843022119578854,0.0410080149895955,0.08318074810358378,0.03652327340340889,4.141,4.475,0
DVY,2023-02-28,0.14127065152018278,-0.15034233030307886,0.08429226320882077,0.08318074810358378,0.03791420299403712,4.141,4.475,0
DVY,2023-03-31,0.17116010918355504,-0.15034233030307886,0.03570427559496503,0.13546666666666662,0.039914066099325636,4.258,4.468,0
DVY,2023-04-30,0.1631888948235518,-0.15034233030307886,-0.05181976435738744,0.13546666666666662,0.03977490311850928,4.258,4.468,0
DVY,2023-05-31,0.1729355726510194,-0.13375806960216063,-0.055764362178160165,0.13546666666666662,0.04310718756447005,4.258,4.468,0
DVY,2023-06-30,0.14770470522172022,-0.13375806960216063,0.047741633206673795,0.16087196467991172,0.04049002350524769,4.207,4.582,0
DVY,2023-07-31,0.13775066572003178,-0.13375806960216063,-0.003699580707165806,0.16087196467991172,0.03885753280767392,4.207,4.582,0
DVY,2023-08-31,0.11362137308803087,-0.13375806960216063,-0.028383657742983237,0.16087196467991172,0.0404115603964294,4.207,4.582,0
DVY,2023-09-30,0.10808670643850322,-0.13375806960216063,-0.10789849981543254,0.09852717115286924,0.04324814793797354,4.326,4.667000000000001,0
DVY,2023-10-31,0.13149944921220996,-0.15022681102766866,-0.13422508965033875,0.09852717115286946,0.04448806152187634,4.326,4.667,0
DVY,2023-11-30,0.15291209732173563,-0.11875109172637577,0.005767557443294047,0.09852717115286924,0.04157197885686446,4.326,4.667000000000001,0
DVY,2023-12-31,0.1579326219841825,-0.11875109172637577,0.015757430203678036,0.08065684617242197,0.04066926868949199,4.475,4.794,0
DVY,2024-01-31,0.1453394376695405,-0.11693850093146907,0.06552654343291309,0.08065684617242197,0.041411156037246565,4.475,4.794,0
DVY,2024-02-29,0.1379466029685968,-0.11693850093146907,0.056344502159338505,0.08065684617242197,0.040934673100302466,4.475,4.794,0
DVY,2024-03-31,0.12765111545713362,-0.11693850093146907,0.10396380467859556,0.04931892907468294,0.03832323512324392,4.468,4.845000000000001,0
DVY,2024-04-30,0.13335363095966818,-0.08583716075704384,0.10086807401962172,0.04931892907468294,0.03953648095094457,4.468,4.845000000000001,0
DVY,2024-05-31,0.13221275083949974,-0.08027717869952311,0.13233893268821095,0.04931892907468294,0.03792605610064661,4.468,4.845000000000001,0
DVY,2024-06-30,0.12390744879169982,-0.06048056575209915,0.14146370401141284,0.08913715236510589,0.0397098850237272,4.582,5.148,0
DVY,2024-07-31,0.11638357281671476,-0.06048056575209915,0.21026709869098648,0.08913715236510589,0.03692622359806747,4.582,5.148,0
DVY,2024-08-31,0.12263854155547556,-0.06048056575209915,0.17029591720312087,0.08913715236510589,0.03583279062552206,4.582,5.148,0
DVY,2024-09-30,0.12187300063670045,-0.06048056575209915,0.21659608241558614,0.07882570503929753,0.035813170816698554,4.667000000000001,4.844,0
DVY,2024-10-31,0.10099105053274503,-0.06048056575209915,0.20056231298242522,0.07882570503929731,0.035898221875747496,4.667,4.843999999999999,0
DVY,2024-11-30,0.11519168610787747,-0.06048056575209915,0.23479665138229344,0.07882570503929753,0.03373046004677059,4.667000000000001,4.844,0
DVY,2024-12-31,0.1329890818412385,-0.087834354268712,0.15619874916584853,0.07128491620111732,0.03748128978134831,4.794,3.528,1
SPHD,2016-01-31,0.1570450542774692,-0.08883515999960989,0.02329641745265021,11.655913978494624,0.052454916041461595,1.177,1.2830000000000001,0
SPHD,2016-02-29,0.17562535289201345,-0.08883515999960989,0.08814194841350065,5.329787234042554,0.05095684931719427,1.1900000000000002,1.3,0
SPHD,2016-03-31,0.16382059018093434,-0.08883515999960989,0.16169591262382776,2.869257950530035,0.04323830645158253,1.095,1.421,0
SPHD,2016-04-30,0.13429591553904308,-0.08883515999960989,0.13518875931717855,1.6648936170212765,0.03958733890175051,1.002,1.545,0
SPHD,2016-05-31,0.11461898795055664,-0.06670766330408195,0.18116567516095228,1.1905781584582447,0.04052433492751966,1.0230000000000001,1.5319999999999998,0
SPHD,2016-06-30,0.13916432581560473,-0.06670766330408195,0.17869162713888698,0.8351063829787237,0.03942628822314208,1.0350000000000001,1.521,0
SPHD,2016-07-31,0.1320938850934977,-0.06670766330408195,0.2489116489527523,0.5876132930513596,0.03825958349204621,1.051,1.504,0
SPHD,2016-08-31,0.12326999063729265,-0.06670766330408195,0.22610033457775747,0.41402116402116396,0.039537550290173536,1.069,1.492,0
SPHD,2016-09-30,0.11650021509766043,-0.0474069828534609,0.23510416818779079,0.279342723004695,0.04045873162636657,1.09,1.4750000000000003,0
SPHD,2016-10-31,0.11187317831419641,-0.049091542069825134,0.13815122849248174,0.14479166666666665,0.04196078341698775,1.099,1.459,0
SPHD,2016-11-30,0.12809601242471322,-0.07386922021857867,0.06634289307475072,0.049858889934148776,0.041549714615536255,1.116,1.467,0
SPHD,2016-12-31,0.10135269951761038,-0.07386922021857867,0.07958989516976533,0.09122203098106696,0.046154502992071356,1.2679999999999998,1.3320000000000003,0
SPHD,2017-01-31,0.09667909117192908,-0.07386922021857867,0.13943191650758857,0.09005947323704344,0.045911255364866926,1.2830000000000001,1.347,0
SPHD,2017-02-28,0.08503259925286316,-0.07386922021857867,0.1239148498136029,0.09243697478991586,0.04502639487477852,1.3,1.3739999999999999,0
SPHD,2017-03-31,0.0698228745349806,-0.07386922021857867,0.054993236542994595,0.2977168949771689,0.04956627275375801,1.421,1.3929999999999998,1
SPHD,2017-04-30,0.06398432115504143,-0.06808984838957588,0.047287673055504964,0.5419161676646707,0.054506884680309474,1.545,1.4100000000000001,1
SPHD,2017-05-31,0.06559791956968689,-0.06122610138037121,0.08191681989100608,0.49755620723362615,0.05356439667688481,1.5319999999999998,1.447,1
SPHD,2017-06-30,0.06576081483401558,-0.03731861532512215,0.09689562635218696,0.4695652173913041,0.05299934967232058,1.521,1.4850000000000003,1
SPHD,2017-07-31,0.07010025190996033,-0.03483592981656514,0.09144324554874572,0.4310180780209325,0.05206016969205287,1.504,1.5240000000000005,0
SPHD,2017-08-31,0.07266116840705084,-0.03483592981656514,0.03734264352955541,0.3956969130028065,0.05186320257677814,1.492,1.5610000000000004,0
SPHD,2017-09-30,0.07151570969088224,-0.03483592981656514,0.05830661363549816,0.35321100917431214,0.05005022336453051,1.4750000000000003,1.6000000000000003,0
SPHD,2017-10-31,0.06946930242193466,-0.03483592981656514,0.044518712019669726,0.3275705186533213,0.04914833871825604,1.459,1.6380000000000003,0
SPHD,2017-11-30,0.06214504543058638,-0.029066805748979463,0.07315349414967942,0.314516129032258,0.04765914312865563,1.467,1.6480000000000001,0
SPHD,2017-12-31,0.05707426172559414,-0.029066805748979463,0.07087929720539221,0.05047318611987417,0.043328624348676154,1.3320000000000003,1.679,0
SPHD,2018-01-31,0.07884953714203995,-0.029066805748979463,0.09227148571530552,0.04988308651597806,0.04370479150153452,1.347,1.6760000000000002,0
SPHD,2018-02-28,0.14403331624082547,-0.09687826156225432,-0.014493364219014815,0.056923076923076854,0.04782050435751917,1.3739999999999999,1.667,0
SPHD,2018-03-31,0.1579302433534583,-0.1105874781369347,0.0037743862195709355,-0.019704433497537144,0.04825164823127391,1.3929999999999998,1.671,0
SPHD,2018-04-30,0.16338669761501398,-0.1105874781369347,0.009966753649155669,-0.08737864077669888,0.048468732666230446,1.4100000000000001,1.678,0
SPHD,2018-05-31,0.11993188190578433,-0.1105874781369347,0.005046408426612414,-0.05548302872062649,0.048805970266397596,1.447,1.693,0
SPHD,2018-06-30,0.09485698902854166,-0.1105874781369347,0.013914082328288613,-0.023668639053254115,0.04891090382759731,1.4850000000000003,1.71,0
SPHD,2018-07-31,0.08450404277168193,-0.1105874781369347,0.026462767228786932,0.013297872340425787,0.04928494747981901,1.5240000000000005,1.7239999999999998,0
SPHD,2018-08-31,0.08222293189604643,-0.1105874781369347,0.0015972417857059718,0.04624664879356599,0.05028200635641513,1.5610000000000004,1.74,0
SPHD,2018-09-30,0.08758565556284721,-0.1105874781369347,0.0109069909582169,0.0847457627118644,0.05171639374703615,1.6000000000000003,1.753,0
SPHD,2018-10-31,0.12103943795602128,-0.061528485419999224,0.019409768685505258,0.12268677176148057,0.05428558919784825,1.6380000000000003,1.7659999999999998,0
SPHD,2018-11-30,0.12758656401577811,-0.061528485419999224,0.07641107103645295,0.12338104976141784,0.05285798890848436,1.6480000000000001,1.7829999999999997,0
SPHD,2018-12-31,0.1730285309919968,-0.12536322810924894,-0.018034264986597437,0.26051051051051033,0.058207797738181424,1.679,1.791,0
SPHD,2019-01-31,0.16308365121027174,-0.12536322810924894,0.0635126935320256,0.24424647364513752,0.05345973396881813,1.6760000000000002,1.8119999999999998,0
SPHD,2019-02-28,0.1556228947377708,-0.12536322810924894,0.06647005197386657,0.21324599708879188,0.052234229843901796,1.667,1.8269999999999997,0
SPHD,2019-03-31,0.10260557926091414,-0.12536322810924894,0.06083428998091378,0.1995692749461595,0.051591845041658126,1.671,1.8399999999999999,0
SPHD,2019-04-30,0.0908970149034272,-0.12536322810924894,0.0459907668794417,0.19007092198581543,0.051398069605802676,1.678,1.8479999999999999,0
SPHD,2019-05-31,0.11395817447677313,-0.12536322810924894,-0.02597685483337575,0.1700069108500346,0.05524620641957211,1.693,1.8519999999999999,0
SPHD,2019-06-30,0.11338915047935291,-0.12123842626007775,0.0674687709728361,0.15151515151515116,0.05266875391476513,1.71,1.8519999999999999,0
SPHD,2019-07-31,0.11150013820169122,-0.12123842626007775,0.05195343573608513,0.1312335958005244,0.05310021588517267,1.7239999999999998,1.8519999999999999,0
SPHD,2019-08-31,0.1380796986576925,-0.07242144375940696,0.06491416890848178,0.11467008327994854,0.05530205313151598,1.74,1.849,0
SPHD,2019-09-30,0.13996877349937664,-0.07242144375940696,0.10398691122236703,0.09562499999999963,0.05275631045301539,1.753,1.6969999999999998,1
SPHD,2019-10-31,0.13989213746767845,-0.07242144375940696,0.03609318083476576,0.07814407814407787,0.05326905141784602,1.7659999999999998,1.692,1
SPHD,2019-11-30,0.10159285461014281,-0.07242144375940696,0.04447971951797447,0.08191747572815511,0.05275520768374962,1.7829999999999997,1.69,1
SPHD,2019-12-31,0.08332398171347387,-0.06640510141947908,0.06699954098169836,0.06670637284097669,0.051630036348872636,1.791,1.6889999999999998,1
SPHD,2020-01-31,0.08326717990808931,-0.06640510141947908,0.04003259209675036,0.0811455847255369,0.05443790727727563,1.8119999999999998,1.682,1
SPHD,2020-02-29,0.15217525652960517,-0.13745776031176793,-0.06459539207913856,0.09598080383923202,0.06062057779505641,1.8269999999999997,1.669,1
SPHD,2020-03-31,0.6108373535491645,-0.41386597190804175,-0.26765459452001084,0.10113704368641518,0.07681983120642556,1.8399999999999999,1.653,1
SPHD,2020-04-30,0.6797779579066542,-0.41386597190804175,-0.16590240160823977,0.10131108462455307,0.06984791836981863,1.8479999999999999,1.6229999999999998,1
SPHD,2020-05-31,0.6873578795801187,-0.41386597190804175,-0.19432885871439387,0.09391612522150017,0.06903732858097128,1.8519999999999999,1.582,1
SPHD,2020-06-30,0.4160273424958934,-0.41386597190804175,-0.18707728950167402,0.08304093567251458,0.0694747682621437,1.8519999999999999,1.55,1
SPHD,2020-07-31,0.32841123463537586,-0.41386597190804175,-0.19288570042537967,0.07424593967517401,0.06776627236547979,1.8519999999999999,1.5140000000000002,1
SPHD,2020-08-31,0.26593293510376576,-0.41386597190804175,-0.1891043480803155,0.06264367816091942,0.06644744676179841,1.849,1.491,1
SPHD,2020-09-30,0.19720397457546548,-0.41386597190804175,-0.2286382247671086,-0.03194523673702232,0.06296303077395586,1.6969999999999998,1.491,1
SPHD,2020-10-31,0.199430013891858,-0.40272989284169913,-0.21994429058771292,-0.04190260475651186,0.06337416200782069,1.692,1.4740000000000002,1
SPHD,2020-11-30,0.2749177108605067,-0.15366729789070688,0.3268973042784853,-0.05215928210880527,0.0558274918131347,1.69,1.4540000000000002,1
SPHD,2020-12-31,0.25469630058454606,-0.15366729789070688,0.2291336296765485,-0.0569514237855947,0.054325396402774416,1.6889999999999998,1.4369999999999998,1
SPHD,2021-01-31,0.23988094028044843,-0.15366729789070688,0.25029348496829873,-0.07174392935982332,0.05303266294321482,1.682,1.427,1
SPHD,2021-02-28,0.1440818696032302,-0.0881374596169715,0.16022014285785757,-0.08648056923918979,0.05098871256274262,1.669,1.425,1
SPHD,2021-03-31,0.1535128080210889,-0.07780255987952944,0.3114860996357547,-0.10163043478260858,0.0461054966769814,1.653,1.429,1
SPHD,2021-04-30,0.13357988937519158,-0.07395680932171245,0.31688692417851283,-0.12175324675324684,0.04378047103192263,1.6229999999999998,1.4460000000000002,1
SPHD,2021-05-31,0.13622290941177292,-0.07342363399179974,0.3361877139424212,-0.14578833693304527,0.041727307184227506,1.582,1.474,1
SPHD,2021-06-30,0.13233918251007318,-0.06647301467059963,0.32015178687508694,-0.16306695464362841,0.04170409009293436,1.55,1.4949999999999999,1
SPHD,2021-07-31,0.1389377144084578,-0.06611094958451591,0.21069044126058012,-0.18250539956803435,0.04098228530189644,1.5140000000000002,1.5219999999999998,0
SPHD,2021-08-31,0.12480106809259257,-0.06611094958451591,0.1973840249369998,-0.19361817198485665,0.03977053087278869,1.491,1.536,0
SPHD,2021-09-30,0.1223007615983295,-0.07501058942120509,0.11488175928503441,-0.12139068945197395,0.04154625570327777,1.491,1.677,0
SPHD,2021-10-31,0.11317683091222691,-0.07501058942120509,0.1151280805243664,-0.12884160756501173,0.04028398270709019,1.4740000000000002,1.6880000000000002,0
SPHD,2021-11-30,0.12828511086136374,-0.08079986658067217,0.00600637788643299,-0.1396449704142011,0.04079935604309031,1.4540000000000002,1.6980000000000002,0
SPHD,2021-12-31,0.12194783730933338,-0.08586006024532034,0.05971852824160484,-0.14920071047957373,0.03709056386675117,1.4369999999999998,1.705,0
SPHD,2022-01-31,0.12118480318296508,-0.08586006024532034,0.03193466483272389,-0.15160523186682517,0.03652533953780658,1.427,1.7109999999999999,0
SPHD,2022-02-28,0.12543974284975,-0.0713594470783061,0.015665068491507617,-0.14619532654284007,0.036761928811670834,1.425,1.7139999999999997,0
SPHD,2022-03-31,0.1294704758146759,-0.0643725015186255,0.12623128199563194,-0.1355111917725348,0.03504356977557187,1.429,1.7159999999999997,0
SPHD,2022-04-30,0.1487470767428886,-0.0643725015186255,0.06672912853274471,-0.1090573012938999,0.03588828605936987,1.4460000000000002,1.7209999999999996,0
SPHD,2022-05-31,0.1550053122000571,-0.06315983202592834,0.12380357282656917,-0.06826801517067005,0.035605713791805126,1.474,1.7299999999999998,0
SPHD,2022-06-30,0.18836107755889042,-0.13931299041101208,0.04815151580005539,-0.03548387096774208,0.03884549839867314,1.4949999999999999,1.7429999999999999,0
SPHD,2022-07-31,0.1807530535897514,-0.13931299041101208,0.06421699120861057,0.005284015852047297,0.03850420282901058,1.5219999999999998,1.7599999999999998,0
SPHD,2022-08-31,0.17080179901615788,-0.13931299041101208,0.019300109125601983,0.030181086519114553,0.039851886954358096,1.536,1.7809999999999997,0
SPHD,2022-09-30,0.17508892528320485,-0.19295072652059053,-0.1277978068598138,0.12474849094567397,0.048713081195507206,1.677,1.819,0
SPHD,2022-10-31,0.2261591223367735,-0.19501454185857137,-0.02464887658423176,0.1451831750339212,0.04466078192765625,1.6880000000000002,1.8549999999999998,0
SPHD,2022-11-30,0.24341775171098026,-0.19501454185857137,0.02649066343328732,0.16781292984869323,0.042002542117143854,1.6980000000000002,1.876,0
SPHD,2022-12-31,0.19928436028498367,-0.19501454185857137,-0.0698415522566691,0.1864996520528881,0.04375339269376802,1.705,1.901,0
SPHD,2023-01-31,0.17409239826347428,-0.17709959812629583,0.013119018672890004,0.19901892081289407,0.042260694199863,1.7109999999999999,1.909,0
SPHD,2023-02-28,0.14585738692757233,-0.16706001056916064,0.0446023351717133,0.20280701754385944,0.04440792987000459,1.7139999999999997,1.908,0
SPHD,2023-03-31,0.1723208043364099,-0.16706001056916064,-0.0029373954244490408,0.20083974807557703,0.04526275158111546,1.7159999999999997,1.895,0
SPHD,2023-04-30,0.16260023979396898,-0.16706001056916064,-0.07735779866091275,0.19017980636237852,0.0452465866218483,1.7209999999999996,1.888,0
SPHD,2023-05-31,0.16405155023966514,-0.1377159962807436,-0.06350258480505466,0.17367706919945713,0.048693695222036634,1.7299999999999998,1.8730000000000002,0
SPHD,2023-06-30,0.13823355110387678,-0.1377159962807436,0.059843398339793685,0.16588628762541813,0.04641840250034413,1.7429999999999999,1.8479999999999999,0
SPHD,2023-07-31,0.12516325140415271,-0.1377159962807436,0.00023548678813023471,0.1563731931668857,0.04531571569558029,1.7599999999999998,1.825,0
SPHD,2023-08-31,0.10659030593409695,-0.1377159962807436,-0.02183890574194547,0.15950520833333304,0.04729601641588862,1.7809999999999997,1.794,0
SPHD,2023-09-30,0.10406186240518855,-0.1377159962807436,-0.10841000844902426,0.08467501490757301,0.05049960942331903,1.819,1.7470000000000003,1
SPHD,2023-10-31,0.1251147938190888,-0.137622857948008,-0.1189255398783281,0.09893364928909931,0.05285175076537022,1.8549999999999998,1.7030000000000003,1
SPHD,2023-11-30,0.1465348059845453,-0.1131281214142269,0.030057726670188023,0.10482921083627783,0.04971147435657036,1.876,1.677,1
SPHD,2023-12-31,0.14521077509568014,-0.1131281214142269,0.029208283115157663,0.11495601173020531,0.04814911609278673,1.901,1.646,1
SPHD,2024-01-31,0.13670981689249434,-0.1131281214142269,0.0765047804857153,0.11572180011689093,0.04880841712341086,1.909,1.6309999999999998,1
SPHD,2024-02-29,0.13589772402068004,-0.1131281214142269,0.06750805009953353,0.11318553092182038,0.04804072770302524,1.908,1.6239999999999997,1
SPHD,2024-03-31,0.12494882128193813,-0.1131281214142269,0.1016863846310383,0.10431235431235453,0.0453802694901491,1.895,1.6289999999999998,1
SPHD,2024-04-30,0.12334553009614863,-0.08972360361133791,0.0969913621518228,0.097036606624056,0.046188688598821054,1.888,1.6279999999999997,1
SPHD,2024-05-31,0.12007642926675605,-0.07922967533455016,0.14121721921858987,0.08265895953757263,0.04385230130134404,1.8730000000000002,1.638,1
SPHD,2024-06-30,0.11386037816257082,-0.05225232401704594,0.16543921998908684,0.06024096385542177,0.04382052369838397,1.8479999999999999,1.659,1
SPHD,2024-07-31,0.1110387037876111,-0.05225232401704594,0.22848962152298702,0.03693181818181834,0.0404630048288733,1.825,1.6810000000000003,1
SPHD,2024-08-31,0.10694362760446895,-0.05225232401704594,0.2093691085953644,0.007299270072992803,0.037930223620609965,1.794,1.712,1
SPHD,2024-09-30,0.1035698907778055,-0.05225232401704594,0.2404764886824846,-0.039582188015392816,0.03609618101278524,1.7470000000000003,1.758,0
SPHD,2024-10-31,0.08086343769302146,-0.05225232401704594,0.2231838641423931,-0.08194070080862503,0.03543174192131053,1.7030000000000003,1.808,0
SPHD,2024-11-30,0.0845990057532619,-0.05225232401704594,0.22501040987553478,-0.10607675906183356,0.03367823358831924,1.677,1.8650000000000002,0
SPHD,2024-12-31,0.10459030894822029,-0.07690823257479029,0.16408370427051588,-0.1341399263545503,0.035308614056229926,1.646,1.727,0
JEPI,2021-07-31,0.07347105439164262,-0.028338673376119172,0.17396859268521836,8.61740890688259,0.11265133685970027,4.7509999999999994,5.184000000000001,0
JEPI,2021-08-31,0.054737544298371986,-0.028338673376119172,0.17952358215979825,5.017857142857142,0.10995996617260365,4.718,5.422,0
JEPI,2021-09-30,0.07251712495571236,-0.04517057212290976,0.11478532290981946,2.721907841552143,0.11194904171230297,4.604000000000001,5.642000000000001,0
JEPI,2021-10-31,0.07933630583313052,-0.04517057212290976,0.15981136299014542,1.6985645933014353,0.10490967351613625,4.5120000000000005,5.78,0
JEPI,2021-11-30,0.08647880044495594,-0.04517057212290976,0.11633335398124456,0.9949702789208961,0.10319377481477873,4.363,6.0200000000000005,0
JEPI,2021-12-31,0.08667988502618044,-0.04517057212290976,0.1325900646181699,0.2885448916408666,0.0930849762122301,4.162,6.361,0
JEPI,2022-01-31,0.10393752555816162,-0.062193395938670126,0.07801496564853272,0.28854489164086705,0.09644268173198876,4.162000000000001,6.361,0
JEPI,2022-02-28,0.12466574160323592,-0.0710926829326558,0.04869484842600258,0.2255940452333236,0.10043976143376022,4.281,6.422999999999999,0
JEPI,2022-03-31,0.1317451488648017,-0.0710926829326558,0.06137076197164393,0.15941269008914527,0.1003650671268865,4.422000000000001,6.371999999999999,0
JEPI,2022-04-30,0.1509614547129452,-0.0710926829326558,-0.011300099252765095,0.12013455069678014,0.109843920227404,4.662,6.229,0
JEPI,2022-05-31,0.1712437826338709,-0.0980490750487154,-0.0007592797411978269,0.04850088183421519,0.11213974167391176,4.756,6.185999999999999,0
JEPI,2022-06-30,0.19736267398704532,-0.13605328905270198,-0.03719381104476149,0.022268041237113456,0.12133839906612069,4.958000000000001,6.034999999999999,0
JEPI,2022-07-31,0.18036846390967742,-0.13605328905270198,-0.012013635419402924,0.09113870764049703,0.1211234082968837,5.184000000000001,5.773000000000001,0
JEPI,2022-08-31,0.14861115368433603,-0.13605328905270198,-0.050051708653686355,0.14921576939381098,0.13052422914568507,5.422,5.568,0
JEPI,2022-09-30,0.13420260283600455,-0.13711935439083123,-0.10525069978185142,0.22545612510860114,0.14502255551218332,5.642000000000001,5.3469999999999995,1
JEPI,2022-10-31,0.17007010803253172,-0.13711935439083123,-0.02583704064820813,0.28102836879432624,0.13816685610904952,5.78,5.228999999999999,1
JEPI,2022-11-30,0.1730788559458791,-0.13711935439083123,0.007233198865656432,0.37978455191382077,0.1367670172189106,6.0200000000000005,4.981999999999999,1
JEPI,2022-12-31,0.13978715257099814,-0.13711935439083123,-0.026331233057303782,0.5283517539644402,0.14741061637072236,6.361,4.617,1
JEPI,2023-01-31,0.11455419197842931,-0.10507443433851504,0.08021036921551494,0.5283517539644398,0.14480626279376818,6.361,4.617,1
JEPI,2023-02-28,0.09916681000609444,-0.10507443433851504,0.10239672858833315,0.5003503854239664,0.14957749318117997,6.422999999999999,4.474,1
JEPI,2023-03-31,0.10806921165185553,-0.10507443433851504,0.06791185586018744,0.4409769335142466,0.14507143943999581,6.371999999999999,4.364,1
JEPI,2023-04-30,0.10115353129095965,-0.10507443433851504,0.0336043945436757,0.3361218361218361,0.1386287702149538,6.229,4.264,1
JEPI,2023-05-31,0.10180204289930922,-0.0601723118842894,0.07270971905976098,0.3006728343145497,0.14010560683252335,6.185999999999999,4.165,1
JEPI,2023-06-30,0.07154404078216073,-0.04996725580861561,0.14217221654700873,0.21722468737394074,0.1325477717359157,6.034999999999999,4.16,1
JEPI,2023-07-31,0.05846755085049153,-0.04996725580861561,0.08160538170079445,0.11361882716049365,0.12473085242104107,5.773000000000001,4.131,1
JEPI,2023-08-31,0.05838865553009111,-0.049277188966056595,0.08352913334494283,0.026927333087421568,0.12030167296080599,5.568,4.13,1
JEPI,2023-09-30,0.07281040043888332,-0.046881682655114276,0.01971335844794253,-0.05228642325416544,0.11917630166122628,5.3469999999999995,4.192,1
JEPI,2023-10-31,0.0969737888021239,-0.06707178260707514,0.01445613021748371,-0.09532871972318357,0.11782426262650572,5.228999999999999,4.221,1
JEPI,2023-11-30,0.09696551569180231,-0.06707178260707514,0.0894665109208439,-0.17242524916943536,0.10723357047582176,4.981999999999999,4.237,1
JEPI,2023-12-31,0.08277314700894721,-0.06707178260707514,0.06352191227146964,-0.2741707278729759,0.09742479503319178,4.617,4.215999999999999,1
JEPI,2024-01-31,0.05240427614061841,-0.06707178260707514,0.07534915863790026,-0.2741707278729759,0.09571862531435482,4.617,4.216,1
JEPI,2024-02-29,0.05302405231682484,-0.06707178260707514,0.09744048285288853,-0.30344075976957796,0.09061952644100439,4.474,4.241,1
JEPI,2024-03-31,0.052045728983756825,-0.06707178260707514,0.0985657625087073,-0.3151286880100439,0.08657205129107408,4.364,4.268000000000001,1
JEPI,2024-04-30,0.0654985988760044,-0.06707178260707514,0.08009934721960832,-0.3154599454165997,0.08698539745526655,4.264,4.331,0
JEPI,2024-05-31,0.07117821967574899,-0.06184024839335722,0.08191886521055491,-0.32670546395085664,0.08313282989520661,4.165,4.493,0
JEPI,2024-06-30,0.06960168136340131,-0.04716969529281945,0.10292356346251408,-0.3106876553438276,0.08272541067082272,4.16,4.673,0
JEPI,2024-07-31,0.06483568575504298,-0.03590360050808272,0.11304126351575738,-0.28442750736185696,0.08053375474882583,4.131,4.743,0
JEPI,2024-08-31,0.09339046028880263,-0.03865991360734511,0.12107781818158236,-0.2582614942528735,0.07827113540981138,4.13,4.812,0
JEPI,2024-09-30,0.09771630954826001,-0.03865991360734511,0.13461675068236745,-0.2160089769964465,0.07800433851304849,4.192,4.78,0
JEPI,2024-10-31,0.06759012888138176,-0.03865991360734511,0.09425665213633705,-0.19277108433734924,0.0791167534118931,4.221,4.7490000000000006,0
JEPI,2024-11-30,0.06358973680582221,-0.03865991360734511,0.11773686540839412,-0.14953833801686056,0.07613318397840779,4.237,4.72,0
JEPI,2024-12-31,0.0815782109878476,-0.046137689576544294,0.0973023262675079,-0.0868529348061513,0.07902967498054467,4.215999999999999,4.2940000000000005,0
